status	elapsed_secs	user_secs	sys_secs	max_rss_KiB	stdout_md5sum	host_name	host_hash	runtime_name	runtime_hash	task_name	arg1	arg2
0	0.151591	0.150314	0.001549	3480	c716827d1eac3e2e0ff0d7d4356e842c	lenny	6933449d	bash	9af8f89f	palindrome	unicode	_
0	0.133128	0.125024	0.008312	3572	ef69a4a6287351d77e6959beca205e15	lenny	6933449d	bash	9af8f89f	palindrome	bytes	_
0	0.014516	0.014799	0.000000	7508	c716827d1eac3e2e0ff0d7d4356e842c	lenny	6933449d	python2	e809d907	palindrome	unicode	_
0	0.012966	0.007465	0.005769	7456	ef69a4a6287351d77e6959beca205e15	lenny	6933449d	python2	e809d907	palindrome	bytes	_
