status	elapsed_secs	user_secs	sys_secs	max_rss_KiB	stdout_md5sum	host_name	host_hash	runtime_name	runtime_hash	task_name	arg1	arg2
0	0.351994	0.352244	0.000000	3412	304f7b9574921ad21a2bc72f200483d7	broome	d80ab850	bash	9af8f89f	bubble_sort	int	200
0	0.351233	0.343505	0.007965	3472	85509743b2f5735b32a108dbba770ee4	broome	d80ab850	bash	9af8f89f	bubble_sort	bytes	200
0	0.305794	0.242130	0.064010	139940	304f7b9574921ad21a2bc72f200483d7	broome	d80ab850	/home/andy/git/oilshell/oil/../benchmark-data/src/oil-native-0.9.7/_bin/osh_eval.opt.stripped	217c42a2	bubble_sort	int	200
0	0.341541	0.278124	0.063752	157464	85509743b2f5735b32a108dbba770ee4	broome	d80ab850	/home/andy/git/oilshell/oil/../benchmark-data/src/oil-native-0.9.7/_bin/osh_eval.opt.stripped	217c42a2	bubble_sort	bytes	200
0	0.054067	0.045354	0.009053	6972	304f7b9574921ad21a2bc72f200483d7	broome	d80ab850	python2	e809d907	bubble_sort	int	200
0	0.031112	0.031387	0.000000	6968	85509743b2f5735b32a108dbba770ee4	broome	d80ab850	python2	e809d907	bubble_sort	bytes	200
