status	elapsed_secs	user_secs	sys_secs	max_rss_KiB	stdout_md5sum	host_name	host_hash	runtime_name	runtime_hash	task_name	arg1	arg2
0	0.387444	0.380459	0.006951	3484	304f7b9574921ad21a2bc72f200483d7	broome	76a68468	bash	9af8f89f	bubble_sort	int	200
0	0.322096	0.321301	0.001061	3548	85509743b2f5735b32a108dbba770ee4	broome	76a68468	bash	9af8f89f	bubble_sort	bytes	200
0	0.576508	0.569055	0.007852	7936	304f7b9574921ad21a2bc72f200483d7	broome	76a68468	/home/andy/git/oilshell/oil/../benchmark-data/src/oils-for-unix-0.16.0/_bin/cxx-opt-sh/osh	f03c4b44	bubble_sort	int	200
0	0.567245	0.563766	0.003984	7700	85509743b2f5735b32a108dbba770ee4	broome	76a68468	/home/andy/git/oilshell/oil/../benchmark-data/src/oils-for-unix-0.16.0/_bin/cxx-opt-sh/osh	f03c4b44	bubble_sort	bytes	200
0	0.058246	0.054244	0.003943	7080	304f7b9574921ad21a2bc72f200483d7	broome	76a68468	python2	e809d907	bubble_sort	int	200
0	0.034499	0.028843	0.006225	7020	85509743b2f5735b32a108dbba770ee4	broome	76a68468	python2	e809d907	bubble_sort	bytes	200
