status	elapsed_secs	user_secs	sys_secs	max_rss_KiB	stdout_md5sum	host_name	host_hash	runtime_name	runtime_hash	task_name	arg1	arg2
0	0.359777	0.354087	0.006149	3388	304f7b9574921ad21a2bc72f200483d7	broome	8a85d07d	bash	9af8f89f	bubble_sort	int	200
0	0.381026	0.371234	0.010099	3472	85509743b2f5735b32a108dbba770ee4	broome	8a85d07d	bash	9af8f89f	bubble_sort	bytes	200
0	0.437857	0.351564	0.086816	172600	304f7b9574921ad21a2bc72f200483d7	broome	8a85d07d	/home/andy/git/oilshell/oil/../benchmark-data/src/oil-native-0.12.4/_bin/cxx-opt-sh/osh_eval.stripped	cd062c64	bubble_sort	int	200
0	0.464270	0.393009	0.071901	220988	85509743b2f5735b32a108dbba770ee4	broome	8a85d07d	/home/andy/git/oilshell/oil/../benchmark-data/src/oil-native-0.12.4/_bin/cxx-opt-sh/osh_eval.stripped	cd062c64	bubble_sort	bytes	200
0	0.059276	0.049172	0.010499	7228	304f7b9574921ad21a2bc72f200483d7	broome	8a85d07d	python2	e809d907	bubble_sort	int	200
0	0.031563	0.020619	0.011435	7076	85509743b2f5735b32a108dbba770ee4	broome	8a85d07d	python2	e809d907	bubble_sort	bytes	200
