status	elapsed_secs	user_secs	sys_secs	max_rss_KiB	stdout_md5sum	host_name	host_hash	runtime_name	runtime_hash	task_name	arg1	arg2
0	0.406097	0.402682	0.004079	3376	304f7b9574921ad21a2bc72f200483d7	broome	d80ab850	bash	9af8f89f	bubble_sort	int	200
0	0.400721	0.386313	0.015040	3472	85509743b2f5735b32a108dbba770ee4	broome	d80ab850	bash	9af8f89f	bubble_sort	bytes	200
0	0.367334	0.312454	0.055670	150136	304f7b9574921ad21a2bc72f200483d7	broome	d80ab850	/home/andy/git/oilshell/oil/../benchmark-data/src/oil-native-0.9.9/_bin/osh_eval.opt.stripped	8dd083f0	bubble_sort	int	200
0	0.342847	0.271300	0.072176	163820	85509743b2f5735b32a108dbba770ee4	broome	d80ab850	/home/andy/git/oilshell/oil/../benchmark-data/src/oil-native-0.9.9/_bin/osh_eval.opt.stripped	8dd083f0	bubble_sort	bytes	200
0	0.066704	0.054285	0.013064	6964	304f7b9574921ad21a2bc72f200483d7	broome	d80ab850	python2	e809d907	bubble_sort	int	200
0	0.035380	0.027690	0.008397	7060	85509743b2f5735b32a108dbba770ee4	broome	d80ab850	python2	e809d907	bubble_sort	bytes	200
