status	elapsed_secs	user_secs	sys_secs	max_rss_KiB	stdout_md5sum	host_name	host_hash	runtime_name	runtime_hash	task_name	arg1	arg2
0	0.342411	0.337931	0.005054	3492	304f7b9574921ad21a2bc72f200483d7	broome	8a85d07d	bash	9af8f89f	bubble_sort	int	200
0	0.334255	0.331416	0.003380	3420	85509743b2f5735b32a108dbba770ee4	broome	8a85d07d	bash	9af8f89f	bubble_sort	bytes	200
0	0.486312	0.435083	0.051738	165288	304f7b9574921ad21a2bc72f200483d7	broome	8a85d07d	/home/andy/git/oilshell/oil/../benchmark-data/src/oil-native-0.12.5/_bin/cxx-opt-sh/osh_eval.stripped	588e003a	bubble_sort	int	200
0	0.515128	0.475768	0.039842	199840	85509743b2f5735b32a108dbba770ee4	broome	8a85d07d	/home/andy/git/oilshell/oil/../benchmark-data/src/oil-native-0.12.5/_bin/cxx-opt-sh/osh_eval.stripped	588e003a	bubble_sort	bytes	200
0	0.051279	0.051740	0.000000	7068	304f7b9574921ad21a2bc72f200483d7	broome	8a85d07d	python2	e809d907	bubble_sort	int	200
0	0.031233	0.026022	0.005617	7120	85509743b2f5735b32a108dbba770ee4	broome	8a85d07d	python2	e809d907	bubble_sort	bytes	200
