status	elapsed_secs	user_secs	sys_secs	max_rss_KiB	stdout_md5sum	host_name	host_hash	runtime_name	runtime_hash	task_name	arg1	arg2
0	0.409938	0.409476	0.000920	3568	304f7b9574921ad21a2bc72f200483d7	broome	d80ab850	bash	9af8f89f	bubble_sort	int	200
0	0.406728	0.403085	0.003976	3508	85509743b2f5735b32a108dbba770ee4	broome	d80ab850	bash	9af8f89f	bubble_sort	bytes	200
0	0.371443	0.307582	0.064232	149884	304f7b9574921ad21a2bc72f200483d7	broome	d80ab850	/home/andy/git/oilshell/oil/../benchmark-data/src/oil-native-0.9.5/_bin/osh_eval.opt.stripped	e36eda9a	bubble_sort	int	200
0	0.381807	0.286286	0.095876	166124	85509743b2f5735b32a108dbba770ee4	broome	d80ab850	/home/andy/git/oilshell/oil/../benchmark-data/src/oil-native-0.9.5/_bin/osh_eval.opt.stripped	e36eda9a	bubble_sort	bytes	200
0	0.063160	0.063516	0.000000	7124	304f7b9574921ad21a2bc72f200483d7	broome	d80ab850	python	e809d907	bubble_sort	int	200
0	0.028545	0.021347	0.007561	7008	85509743b2f5735b32a108dbba770ee4	broome	d80ab850	python	e809d907	bubble_sort	bytes	200
