status	elapsed_secs	user_secs	sys_secs	max_rss_KiB	stdout_md5sum	host_name	host_hash	runtime_name	runtime_hash	task_name	arg1	arg2
0	0.381216	0.368762	0.012821	3500	304f7b9574921ad21a2bc72f200483d7	broome	d80ab850	bash	9af8f89f	bubble_sort	int	200
0	0.388176	0.376623	0.011987	3420	85509743b2f5735b32a108dbba770ee4	broome	d80ab850	bash	9af8f89f	bubble_sort	bytes	200
0	0.312703	0.252123	0.061005	142868	304f7b9574921ad21a2bc72f200483d7	broome	d80ab850	/home/andy/git/oilshell/oil/../benchmark-data/src/oil-native-0.9.4/_bin/osh_eval.opt.stripped	0ce600e4	bubble_sort	int	200
0	0.360586	0.305331	0.055765	162352	85509743b2f5735b32a108dbba770ee4	broome	d80ab850	/home/andy/git/oilshell/oil/../benchmark-data/src/oil-native-0.9.4/_bin/osh_eval.opt.stripped	0ce600e4	bubble_sort	bytes	200
0	0.050750	0.039995	0.011127	7064	304f7b9574921ad21a2bc72f200483d7	broome	d80ab850	python	e809d907	bubble_sort	int	200
0	0.029567	0.022959	0.006939	7248	85509743b2f5735b32a108dbba770ee4	broome	d80ab850	python	e809d907	bubble_sort	bytes	200
