status	elapsed_secs	user_secs	sys_secs	max_rss_KiB	stdout_md5sum	host_name	host_hash	runtime_name	runtime_hash	task_name	arg1	arg2
0	0.402206	0.397717	0.005226	3384	304f7b9574921ad21a2bc72f200483d7	broome	8a85d07d	bash	9af8f89f	bubble_sort	int	200
0	0.390966	0.388534	0.003091	3560	85509743b2f5735b32a108dbba770ee4	broome	8a85d07d	bash	9af8f89f	bubble_sort	bytes	200
0	1.637219	0.953266	0.684574	1642404	304f7b9574921ad21a2bc72f200483d7	broome	8a85d07d	/home/andy/git/oilshell/oil/../benchmark-data/src/oil-native-0.12.9/_bin/cxx-opt-sh/osh_eval.stripped	b4a35663	bubble_sort	int	200
0	1.710043	1.046331	0.663951	1797776	85509743b2f5735b32a108dbba770ee4	broome	8a85d07d	/home/andy/git/oilshell/oil/../benchmark-data/src/oil-native-0.12.9/_bin/cxx-opt-sh/osh_eval.stripped	b4a35663	bubble_sort	bytes	200
0	0.060383	0.054397	0.006702	7128	304f7b9574921ad21a2bc72f200483d7	broome	8a85d07d	python2	e809d907	bubble_sort	int	200
0	0.037288	0.032792	0.005225	7024	85509743b2f5735b32a108dbba770ee4	broome	8a85d07d	python2	e809d907	bubble_sort	bytes	200
