status	elapsed_secs	user_secs	sys_secs	max_rss_KiB	stdout_md5sum	host_name	host_hash	runtime_name	runtime_hash	task_name	arg1	arg2
0	0.398890	0.392512	0.006778	3540	304f7b9574921ad21a2bc72f200483d7	broome	d80ab850	bash	9af8f89f	bubble_sort	int	200
0	0.397167	0.397571	0.000000	3444	85509743b2f5735b32a108dbba770ee4	broome	d80ab850	bash	9af8f89f	bubble_sort	bytes	200
0	0.348440	0.322521	0.026188	146580	304f7b9574921ad21a2bc72f200483d7	broome	d80ab850	/home/andy/git/oilshell/oil/../benchmark-data/src/oil-native-0.9.2/_bin/osh_eval.opt.stripped	bbc52eb6	bubble_sort	int	200
0	0.340416	0.268953	0.071723	161476	85509743b2f5735b32a108dbba770ee4	broome	d80ab850	/home/andy/git/oilshell/oil/../benchmark-data/src/oil-native-0.9.2/_bin/osh_eval.opt.stripped	bbc52eb6	bubble_sort	bytes	200
0	0.052490	0.043383	0.009413	7044	304f7b9574921ad21a2bc72f200483d7	broome	d80ab850	python	e809d907	bubble_sort	int	200
0	0.031180	0.024788	0.006763	7060	85509743b2f5735b32a108dbba770ee4	broome	d80ab850	python	e809d907	bubble_sort	bytes	200
