status	elapsed_secs	user_secs	sys_secs	max_rss_KiB	stdout_md5sum	host_name	host_hash	runtime_name	runtime_hash	task_name	arg1	arg2
0	0.338053	0.334816	0.003892	3504	304f7b9574921ad21a2bc72f200483d7	broome	7a69aabc	bash	9af8f89f	bubble_sort	int	200
0	0.364904	0.356935	0.008358	3532	85509743b2f5735b32a108dbba770ee4	broome	7a69aabc	bash	9af8f89f	bubble_sort	bytes	200
0	0.784896	0.764508	0.020792	22608	304f7b9574921ad21a2bc72f200483d7	broome	7a69aabc	/home/andy/git/oilshell/oil/../benchmark-data/src/oils-for-unix-0.14.1/_bin/cxx-opt-sh/osh	384afe75	bubble_sort	int	200
0	0.812722	0.797157	0.015977	20876	85509743b2f5735b32a108dbba770ee4	broome	7a69aabc	/home/andy/git/oilshell/oil/../benchmark-data/src/oils-for-unix-0.14.1/_bin/cxx-opt-sh/osh	384afe75	bubble_sort	bytes	200
0	0.062840	0.050043	0.013141	6940	304f7b9574921ad21a2bc72f200483d7	broome	7a69aabc	python2	e809d907	bubble_sort	int	200
0	0.033202	0.030832	0.002927	7048	85509743b2f5735b32a108dbba770ee4	broome	7a69aabc	python2	e809d907	bubble_sort	bytes	200
