status	elapsed_secs	user_secs	sys_secs	max_rss_KiB	stdout_md5sum	host_name	host_hash	runtime_name	runtime_hash	task_name	arg1	arg2
0	0.6896	0.678078	0.011434999999999999	6008	304f7b9574921ad21a2bc72f200483d7	flanders	1f35df1a	bash	d685a43c	bubble_sort	int	200
0	0.6480	0.6478769999999999	0.0	5992	85509743b2f5735b32a108dbba770ee4	flanders	1f35df1a	bash	d685a43c	bubble_sort	bytes	200
0	0.3023	0.233059	0.069067	146300	304f7b9574921ad21a2bc72f200483d7	flanders	1f35df1a	/home/andy/git/oilshell/oil/../benchmark-data/src/oil-native-0.8.3/_bin/osh_eval.opt.stripped	d335486a	bubble_sort	int	200
0	0.2840	0.22342399999999998	0.060489999999999995	145528	85509743b2f5735b32a108dbba770ee4	flanders	1f35df1a	/home/andy/git/oilshell/oil/../benchmark-data/src/oil-native-0.8.3/_bin/osh_eval.opt.stripped	d335486a	bubble_sort	bytes	200
0	0.0861	0.079137	0.006861	6600	304f7b9574921ad21a2bc72f200483d7	flanders	1f35df1a	python	e4b9f5ce	bubble_sort	int	200
0	0.0473	0.035956999999999996	0.01111	6584	85509743b2f5735b32a108dbba770ee4	flanders	1f35df1a	python	e4b9f5ce	bubble_sort	bytes	200
