status	elapsed_secs	user_secs	sys_secs	max_rss_KiB	stdout_md5sum	host_name	host_hash	runtime_name	runtime_hash	task_name	arg1	arg2
0	0.710788	0.701442	0.007915	3192	304f7b9574921ad21a2bc72f200483d7	flanders	63f04b74	bash	d685a43c	bubble_sort	int	200
0	0.709807	0.708071	0.002123	3248	85509743b2f5735b32a108dbba770ee4	flanders	63f04b74	bash	d685a43c	bubble_sort	bytes	200
0	0.501652	0.430184	0.071951	150264	304f7b9574921ad21a2bc72f200483d7	flanders	63f04b74	/home/andy/git/oilshell/oil/../benchmark-data/src/oil-native-0.8.12/_bin/osh_eval.opt.stripped	4a6fedf8	bubble_sort	int	200
0	0.494023	0.390919	0.103480	157640	85509743b2f5735b32a108dbba770ee4	flanders	63f04b74	/home/andy/git/oilshell/oil/../benchmark-data/src/oil-native-0.8.12/_bin/osh_eval.opt.stripped	4a6fedf8	bubble_sort	bytes	200
0	0.087391	0.074940	0.010986	6652	304f7b9574921ad21a2bc72f200483d7	flanders	63f04b74	python	e4b9f5ce	bubble_sort	int	200
0	0.041495	0.038536	0.003449	6636	85509743b2f5735b32a108dbba770ee4	flanders	63f04b74	python	e4b9f5ce	bubble_sort	bytes	200
