status	elapsed_secs	user_secs	sys_secs	max_rss_KiB	stdout_md5sum	host_name	host_hash	runtime_name	runtime_hash	task_name	arg1	arg2
0	0.7726	0.768509	0.003994999999999999	6136	304f7b9574921ad21a2bc72f200483d7	flanders	889e300d	bash	d685a43c	bubble_sort	int	200
0	0.7694	0.758671	0.010579999999999999	6068	85509743b2f5735b32a108dbba770ee4	flanders	889e300d	bash	d685a43c	bubble_sort	bytes	200
0	0.2164	0.186914	0.029397999999999997	61484	304f7b9574921ad21a2bc72f200483d7	flanders	889e300d	/home/andy/git/oilshell/oil/../benchmark-data/src/oil-native-0.8.2/_bin/osh_eval.opt.stripped	70218822	bubble_sort	int	200
0	0.2452	0.191466	0.053530999999999995	73536	85509743b2f5735b32a108dbba770ee4	flanders	889e300d	/home/andy/git/oilshell/oil/../benchmark-data/src/oil-native-0.8.2/_bin/osh_eval.opt.stripped	70218822	bubble_sort	bytes	200
0	0.0911	0.087568	0.003342	6580	304f7b9574921ad21a2bc72f200483d7	flanders	889e300d	python	e4b9f5ce	bubble_sort	int	200
0	0.0444	0.037168	0.007173	6644	85509743b2f5735b32a108dbba770ee4	flanders	889e300d	python	e4b9f5ce	bubble_sort	bytes	200
