status	elapsed_secs	user_secs	sys_secs	max_rss_KiB	stdout_md5sum	host_name	host_hash	runtime_name	runtime_hash	task_name	arg1	arg2
0	0.260994	0.259406	0.001852	3604	304f7b9574921ad21a2bc72f200483d7	lenny	098a8e52	bash	9af8f89f	bubble_sort	int	200
0	0.333405	0.327955	0.005734	3524	85509743b2f5735b32a108dbba770ee4	lenny	098a8e52	bash	9af8f89f	bubble_sort	bytes	200
0	0.507187	0.507054	0.000424	7960	304f7b9574921ad21a2bc72f200483d7	lenny	098a8e52	/home/andy/git/oilshell/oil/../benchmark-data/src/oils-for-unix-0.16.0/_bin/cxx-opt-sh/osh	f03c4b44	bubble_sort	int	200
0	0.598334	0.598635	0.000000	7788	85509743b2f5735b32a108dbba770ee4	lenny	098a8e52	/home/andy/git/oilshell/oil/../benchmark-data/src/oils-for-unix-0.16.0/_bin/cxx-opt-sh/osh	f03c4b44	bubble_sort	bytes	200
0	0.030911	0.031082	0.000000	7172	304f7b9574921ad21a2bc72f200483d7	lenny	098a8e52	python2	e809d907	bubble_sort	int	200
0	0.013908	0.009728	0.004497	7228	85509743b2f5735b32a108dbba770ee4	lenny	098a8e52	python2	e809d907	bubble_sort	bytes	200
