status	elapsed_secs	user_secs	sys_secs	max_rss_KiB	stdout_md5sum	host_name	host_hash	runtime_name	runtime_hash	task_name	arg1	arg2
0	0.618363	0.601297	0.013332	3552	304f7b9574921ad21a2bc72f200483d7	lenny	f88955fe	bash	9af8f89f	bubble_sort	int	200
0	0.343215	0.342552	0.000480	3528	85509743b2f5735b32a108dbba770ee4	lenny	f88955fe	bash	9af8f89f	bubble_sort	bytes	200
0	0.645200	0.637480	0.007992	8652	304f7b9574921ad21a2bc72f200483d7	lenny	f88955fe	/home/andy/git/oilshell/oil/../benchmark-data/src/oils-for-unix-0.14.2/_bin/cxx-opt-sh/osh	7a6ca51a	bubble_sort	int	200
0	0.757192	0.753495	0.003997	8596	85509743b2f5735b32a108dbba770ee4	lenny	f88955fe	/home/andy/git/oilshell/oil/../benchmark-data/src/oils-for-unix-0.14.2/_bin/cxx-opt-sh/osh	7a6ca51a	bubble_sort	bytes	200
0	0.040279	0.030069	0.010530	7132	304f7b9574921ad21a2bc72f200483d7	lenny	f88955fe	python2	e809d907	bubble_sort	int	200
0	0.016652	0.009660	0.007313	7268	85509743b2f5735b32a108dbba770ee4	lenny	f88955fe	python2	e809d907	bubble_sort	bytes	200
