status	elapsed_secs	user_secs	sys_secs	max_rss_KiB	stdout_md5sum	host_name	host_hash	runtime_name	runtime_hash	task_name	arg1	arg2
0	0.207060	0.207328	0.000000	3540	304f7b9574921ad21a2bc72f200483d7	lenny	6933449d	bash	9af8f89f	bubble_sort	int	200
0	0.226421	0.226722	0.000000	3540	85509743b2f5735b32a108dbba770ee4	lenny	6933449d	bash	9af8f89f	bubble_sort	bytes	200
0	0.195047	0.158839	0.036486	141572	304f7b9574921ad21a2bc72f200483d7	lenny	6933449d	/home/andy/git/oilshell/oil/../benchmark-data/src/oil-native-0.11.0/_bin/cxx-opt-sh/osh_eval.stripped	14996860	bubble_sort	int	200
0	0.224345	0.180592	0.043948	167268	85509743b2f5735b32a108dbba770ee4	lenny	6933449d	/home/andy/git/oilshell/oil/../benchmark-data/src/oil-native-0.11.0/_bin/cxx-opt-sh/osh_eval.stripped	14996860	bubble_sort	bytes	200
0	0.026957	0.027224	0.000000	7060	304f7b9574921ad21a2bc72f200483d7	lenny	6933449d	python2	e809d907	bubble_sort	int	200
0	0.012934	0.008968	0.004249	7120	85509743b2f5735b32a108dbba770ee4	lenny	6933449d	python2	e809d907	bubble_sort	bytes	200
