status	elapsed_secs	user_secs	sys_secs	max_rss_KiB	stdout_md5sum	host_name	host_hash	runtime_name	runtime_hash	task_name	arg1	arg2
0	0.258530	0.258919	0.000000	3476	304f7b9574921ad21a2bc72f200483d7	lenny	76afa3e0	bash	9af8f89f	bubble_sort	int	200
0	0.258992	0.258804	0.000426	3496	85509743b2f5735b32a108dbba770ee4	lenny	76afa3e0	bash	9af8f89f	bubble_sort	bytes	200
0	0.799817	0.784580	0.015521	38196	304f7b9574921ad21a2bc72f200483d7	lenny	76afa3e0	/home/andy/git/oilshell/oil/../benchmark-data/src/oils-for-unix-0.14.0/_bin/cxx-opt-sh/osh	f7cd6d82	bubble_sort	int	200
0	0.898521	0.872435	0.004344	34036	85509743b2f5735b32a108dbba770ee4	lenny	76afa3e0	/home/andy/git/oilshell/oil/../benchmark-data/src/oils-for-unix-0.14.0/_bin/cxx-opt-sh/osh	f7cd6d82	bubble_sort	bytes	200
0	0.029622	0.025422	0.004530	7284	304f7b9574921ad21a2bc72f200483d7	lenny	76afa3e0	python2	e809d907	bubble_sort	int	200
0	0.013748	0.010679	0.003372	7236	85509743b2f5735b32a108dbba770ee4	lenny	76afa3e0	python2	e809d907	bubble_sort	bytes	200
