status	elapsed_secs	user_secs	sys_secs	max_rss_KiB	stdout_md5sum	host_name	host_hash	runtime_name	runtime_hash	task_name	arg1	arg2
0	0.214104	0.210326	0.003955	3524	304f7b9574921ad21a2bc72f200483d7	lenny	b7f988ad	bash	9af8f89f	bubble_sort	int	200
0	0.218669	0.218926	0.000000	3516	85509743b2f5735b32a108dbba770ee4	lenny	b7f988ad	bash	9af8f89f	bubble_sort	bytes	200
0	0.349627	0.302733	0.046916	184124	304f7b9574921ad21a2bc72f200483d7	lenny	b7f988ad	/home/andy/git/oilshell/oil/../benchmark-data/src/oil-native-0.12.4/_bin/cxx-opt-sh/osh_eval.stripped	cd062c64	bubble_sort	int	200
0	0.366579	0.314594	0.052273	210164	85509743b2f5735b32a108dbba770ee4	lenny	b7f988ad	/home/andy/git/oilshell/oil/../benchmark-data/src/oil-native-0.12.4/_bin/cxx-opt-sh/osh_eval.stripped	cd062c64	bubble_sort	bytes	200
0	0.027437	0.027712	0.000000	7140	304f7b9574921ad21a2bc72f200483d7	lenny	b7f988ad	python2	e809d907	bubble_sort	int	200
0	0.014296	0.014606	0.000000	7188	85509743b2f5735b32a108dbba770ee4	lenny	b7f988ad	python2	e809d907	bubble_sort	bytes	200
