status	elapsed_secs	user_secs	sys_secs	max_rss_KiB	stdout_md5sum	host_name	host_hash	runtime_name	runtime_hash	task_name	arg1	arg2
0	0.237489	0.237154	0.000387	3416	304f7b9574921ad21a2bc72f200483d7	lenny	b7f988ad	bash	9af8f89f	bubble_sort	int	200
0	0.260373	0.260075	0.000000	3512	85509743b2f5735b32a108dbba770ee4	lenny	b7f988ad	bash	9af8f89f	bubble_sort	bytes	200
0	0.421294	0.382650	0.036065	161032	304f7b9574921ad21a2bc72f200483d7	lenny	b7f988ad	/home/andy/git/oilshell/oil/../benchmark-data/src/oil-native-0.12.5/_bin/cxx-opt-sh/osh_eval.stripped	588e003a	bubble_sort	int	200
0	0.413658	0.365909	0.048005	186316	85509743b2f5735b32a108dbba770ee4	lenny	b7f988ad	/home/andy/git/oilshell/oil/../benchmark-data/src/oil-native-0.12.5/_bin/cxx-opt-sh/osh_eval.stripped	588e003a	bubble_sort	bytes	200
0	0.062077	0.048358	0.004304	6984	304f7b9574921ad21a2bc72f200483d7	lenny	b7f988ad	python2	e809d907	bubble_sort	int	200
0	0.015111	0.015461	0.000000	7152	85509743b2f5735b32a108dbba770ee4	lenny	b7f988ad	python2	e809d907	bubble_sort	bytes	200
