status	elapsed_secs	user_secs	sys_secs	max_rss_KiB	stdout_md5sum	host_name	host_hash	runtime_name	runtime_hash	task_name	arg1	arg2
0	0.223919	0.224153	0.000000	3592	304f7b9574921ad21a2bc72f200483d7	lenny	23f35694	bash	9af8f89f	bubble_sort	int	200
0	0.222034	0.221872	0.000442	3460	85509743b2f5735b32a108dbba770ee4	lenny	23f35694	bash	9af8f89f	bubble_sort	bytes	200
0	0.140807	0.096968	0.044114	148928	304f7b9574921ad21a2bc72f200483d7	lenny	23f35694	/home/andy/git/oilshell/oil/../benchmark-data/src/oil-native-0.12.0/_bin/cxx-opt-sh/osh_eval.stripped	9982fcac	bubble_sort	int	200
0	0.143003	0.111107	0.032026	160788	85509743b2f5735b32a108dbba770ee4	lenny	23f35694	/home/andy/git/oilshell/oil/../benchmark-data/src/oil-native-0.12.0/_bin/cxx-opt-sh/osh_eval.stripped	9982fcac	bubble_sort	bytes	200
0	0.029302	0.022269	0.007286	7204	304f7b9574921ad21a2bc72f200483d7	lenny	23f35694	python2	e809d907	bubble_sort	int	200
0	0.013010	0.012965	0.000295	7036	85509743b2f5735b32a108dbba770ee4	lenny	23f35694	python2	e809d907	bubble_sort	bytes	200
