status	elapsed_secs	user_secs	sys_secs	max_rss_KiB	stdout_md5sum	host_name	host_hash	runtime_name	runtime_hash	task_name	arg1	arg2
0	0.217096	0.216912	0.000299	3492	304f7b9574921ad21a2bc72f200483d7	lenny	ec64f10b	bash	9af8f89f	bubble_sort	int	200
0	0.225596	0.219265	0.006482	3516	85509743b2f5735b32a108dbba770ee4	lenny	ec64f10b	bash	9af8f89f	bubble_sort	bytes	200
0	0.198953	0.171159	0.027937	146868	304f7b9574921ad21a2bc72f200483d7	lenny	ec64f10b	/home/andy/git/oilshell/oil/../benchmark-data/src/oil-native-0.9.7/_bin/osh_eval.opt.stripped	217c42a2	bubble_sort	int	200
0	0.220691	0.173976	0.046815	169160	85509743b2f5735b32a108dbba770ee4	lenny	ec64f10b	/home/andy/git/oilshell/oil/../benchmark-data/src/oil-native-0.9.7/_bin/osh_eval.opt.stripped	217c42a2	bubble_sort	bytes	200
0	0.027317	0.023484	0.003974	7088	304f7b9574921ad21a2bc72f200483d7	lenny	ec64f10b	python2	e809d907	bubble_sort	int	200
0	0.012109	0.012256	0.000000	7188	85509743b2f5735b32a108dbba770ee4	lenny	ec64f10b	python2	e809d907	bubble_sort	bytes	200
