status	elapsed_secs	user_secs	sys_secs	max_rss_KiB	stdout_md5sum	host_name	host_hash	runtime_name	runtime_hash	task_name	arg1	arg2
0	0.248361	0.244674	0.003986	3624	304f7b9574921ad21a2bc72f200483d7	lenny	098a8e52	bash	9af8f89f	bubble_sort	int	200
0	0.271860	0.268843	0.003340	3648	85509743b2f5735b32a108dbba770ee4	lenny	098a8e52	bash	9af8f89f	bubble_sort	bytes	200
0	0.434556	0.433309	0.001510	7920	304f7b9574921ad21a2bc72f200483d7	lenny	098a8e52	/home/andy/git/oilshell/oil/../benchmark-data/src/oils-for-unix-0.17.0/_bin/cxx-opt-sh/osh	62fcdfac	bubble_sort	int	200
0	0.456949	0.457227	0.000000	7892	85509743b2f5735b32a108dbba770ee4	lenny	098a8e52	/home/andy/git/oilshell/oil/../benchmark-data/src/oils-for-unix-0.17.0/_bin/cxx-opt-sh/osh	62fcdfac	bubble_sort	bytes	200
0	0.029039	0.029348	0.000000	7284	304f7b9574921ad21a2bc72f200483d7	lenny	098a8e52	python2	e809d907	bubble_sort	int	200
0	0.013998	0.013667	0.000621	7316	85509743b2f5735b32a108dbba770ee4	lenny	098a8e52	python2	e809d907	bubble_sort	bytes	200
