status	elapsed_secs	user_secs	sys_secs	max_rss_KiB	stdout_md5sum	host_name	host_hash	runtime_name	runtime_hash	task_name	arg1	arg2
0	0.335854	0.336096	0.000000	3584	304f7b9574921ad21a2bc72f200483d7	lenny	5570ba51	bash	9af8f89f	bubble_sort	int	200
0	0.332099	0.328365	0.004004	3504	85509743b2f5735b32a108dbba770ee4	lenny	5570ba51	bash	9af8f89f	bubble_sort	bytes	200
0	0.542184	0.541890	0.000456	8064	304f7b9574921ad21a2bc72f200483d7	lenny	5570ba51	/home/andy/git/oilshell/oil/../benchmark-data/src/oils-for-unix-0.15.0/_bin/cxx-opt-sh/osh	ba89773c	bubble_sort	int	200
0	0.669308	0.669500	0.000000	7948	85509743b2f5735b32a108dbba770ee4	lenny	5570ba51	/home/andy/git/oilshell/oil/../benchmark-data/src/oils-for-unix-0.15.0/_bin/cxx-opt-sh/osh	ba89773c	bubble_sort	bytes	200
0	0.038510	0.038316	0.000658	7172	304f7b9574921ad21a2bc72f200483d7	lenny	5570ba51	python2	e809d907	bubble_sort	int	200
0	0.016780	0.016783	0.000332	7240	85509743b2f5735b32a108dbba770ee4	lenny	5570ba51	python2	e809d907	bubble_sort	bytes	200
