status	elapsed_secs	user_secs	sys_secs	max_rss_KiB	stdout_md5sum	host_name	host_hash	runtime_name	runtime_hash	task_name	arg1	arg2
0	0.265562	0.265933	0.000000	3652	304f7b9574921ad21a2bc72f200483d7	lenny	3063f657	bash	9af8f89f	bubble_sort	int	200
0	0.261186	0.259906	0.001585	3640	85509743b2f5735b32a108dbba770ee4	lenny	3063f657	bash	9af8f89f	bubble_sort	bytes	200
0	0.919266	0.907167	0.012385	36668	304f7b9574921ad21a2bc72f200483d7	lenny	3063f657	/home/andy/git/oilshell/oil/../benchmark-data/src/oil-native-0.13.1/_bin/cxx-opt-sh/osh_eval.stripped	30cde83a	bubble_sort	int	200
0	1.013000	0.994038	0.019240	32988	85509743b2f5735b32a108dbba770ee4	lenny	3063f657	/home/andy/git/oilshell/oil/../benchmark-data/src/oil-native-0.13.1/_bin/cxx-opt-sh/osh_eval.stripped	30cde83a	bubble_sort	bytes	200
0	0.030087	0.030377	0.000000	7128	304f7b9574921ad21a2bc72f200483d7	lenny	3063f657	python2	e809d907	bubble_sort	int	200
0	0.013903	0.012608	0.001595	7108	85509743b2f5735b32a108dbba770ee4	lenny	3063f657	python2	e809d907	bubble_sort	bytes	200
