status	elapsed_secs	user_secs	sys_secs	max_rss_KiB	stdout_md5sum	host_name	host_hash	runtime_name	runtime_hash	task_name	arg1	arg2
0	0.298907	0.296010	0.000000	3504	304f7b9574921ad21a2bc72f200483d7	lenny	76afa3e0	bash	9af8f89f	bubble_sort	int	200
0	0.316020	0.311989	0.000499	3580	85509743b2f5735b32a108dbba770ee4	lenny	76afa3e0	bash	9af8f89f	bubble_sort	bytes	200
0	0.901636	0.878265	0.009763	22624	304f7b9574921ad21a2bc72f200483d7	lenny	76afa3e0	/home/andy/git/oilshell/oil/../benchmark-data/src/oils-for-unix-0.14.1/_bin/cxx-opt-sh/osh	384afe75	bubble_sort	int	200
0	0.867810	0.863583	0.004457	20928	85509743b2f5735b32a108dbba770ee4	lenny	76afa3e0	/home/andy/git/oilshell/oil/../benchmark-data/src/oils-for-unix-0.14.1/_bin/cxx-opt-sh/osh	384afe75	bubble_sort	bytes	200
0	0.032453	0.032728	0.000000	7144	304f7b9574921ad21a2bc72f200483d7	lenny	76afa3e0	python2	e809d907	bubble_sort	int	200
0	0.016954	0.011734	0.005569	7144	85509743b2f5735b32a108dbba770ee4	lenny	76afa3e0	python2	e809d907	bubble_sort	bytes	200
