status	elapsed_secs	user_secs	sys_secs	max_rss_KiB	stdout_md5sum	host_name	host_hash	runtime_name	runtime_hash	task_name	arg1	arg2
0	0.2814	0.280651	0.0006299999999999999	6128	304f7b9574921ad21a2bc72f200483d7	lisa	cc016cb1	bash	d685a43c	bubble_sort	int	200
0	0.2765	0.27281299999999997	0.0028799999999999997	6008	85509743b2f5735b32a108dbba770ee4	lisa	cc016cb1	bash	d685a43c	bubble_sort	bytes	200
0	0.0993	0.08531899999999999	0.013850999999999999	57916	304f7b9574921ad21a2bc72f200483d7	lisa	cc016cb1	/home/andy/git/oilshell/oil/../benchmark-data/src/oil-native-0.8.0/_bin/osh_eval.opt.stripped	f3882163	bubble_sort	int	200
0	0.1116	0.08066	0.030801	73120	85509743b2f5735b32a108dbba770ee4	lisa	cc016cb1	/home/andy/git/oilshell/oil/../benchmark-data/src/oil-native-0.8.0/_bin/osh_eval.opt.stripped	f3882163	bubble_sort	bytes	200
0	0.0387	0.034239	0.004327	6880	304f7b9574921ad21a2bc72f200483d7	lisa	cc016cb1	python	e4b9f5ce	bubble_sort	int	200
0	0.0160	0.011875	0.0039889999999999995	6800	85509743b2f5735b32a108dbba770ee4	lisa	cc016cb1	python	e4b9f5ce	bubble_sort	bytes	200
