status	elapsed_secs	user_secs	sys_secs	max_rss_KiB	stdout_md5sum	host_name	host_hash	runtime_name	runtime_hash	task_name	arg1	arg2
0	0.2995	0.299309	0.0	6116	304f7b9574921ad21a2bc72f200483d7	lisa	cc016cb1	bash	d685a43c	bubble_sort	int	200
0	0.3079	0.306282	0.0	6080	85509743b2f5735b32a108dbba770ee4	lisa	cc016cb1	bash	d685a43c	bubble_sort	bytes	200
0	0.1107	0.10208199999999999	0.008173999999999999	57244	304f7b9574921ad21a2bc72f200483d7	lisa	cc016cb1	/home/andy/git/oilshell/oil/../benchmark-data/src/oil-native-0.8.pre10/_bin/osh_eval.opt.stripped	eb7a7ff7	bubble_sort	int	200
0	0.1174	0.10113499999999999	0.016144	72956	85509743b2f5735b32a108dbba770ee4	lisa	cc016cb1	/home/andy/git/oilshell/oil/../benchmark-data/src/oil-native-0.8.pre10/_bin/osh_eval.opt.stripped	eb7a7ff7	bubble_sort	bytes	200
0	0.0420	0.033412	0.008409999999999999	6792	304f7b9574921ad21a2bc72f200483d7	lisa	cc016cb1	python	e4b9f5ce	bubble_sort	int	200
0	0.0195	0.019150999999999998	0.0	6792	85509743b2f5735b32a108dbba770ee4	lisa	cc016cb1	python	e4b9f5ce	bubble_sort	bytes	200
