status	elapsed_secs	user_secs	sys_secs	max_rss_KiB	stdout_md5sum	host_name	host_hash	runtime_name	runtime_hash	task_name	arg1	arg2
0	0.2982	0.293747	0.004157	6072	304f7b9574921ad21a2bc72f200483d7	lisa	6c96a848	bash	d685a43c	bubble_sort	int	200
0	0.2794	0.27528199999999997	0.003981	6004	85509743b2f5735b32a108dbba770ee4	lisa	6c96a848	bash	d685a43c	bubble_sort	bytes	200
0	0.1039	0.08415	0.019497999999999998	61052	304f7b9574921ad21a2bc72f200483d7	lisa	6c96a848	/home/andy/git/oilshell/oil/../benchmark-data/src/oil-native-0.8.2/_bin/osh_eval.opt.stripped	70218822	bubble_sort	int	200
0	0.1091	0.085245	0.023712	75472	85509743b2f5735b32a108dbba770ee4	lisa	6c96a848	/home/andy/git/oilshell/oil/../benchmark-data/src/oil-native-0.8.2/_bin/osh_eval.opt.stripped	70218822	bubble_sort	bytes	200
0	0.0335	0.028672999999999997	0.004563	6716	304f7b9574921ad21a2bc72f200483d7	lisa	6c96a848	python	e4b9f5ce	bubble_sort	int	200
0	0.0173	0.013918999999999999	0.0032419999999999997	6776	85509743b2f5735b32a108dbba770ee4	lisa	6c96a848	python	e4b9f5ce	bubble_sort	bytes	200
