status	elapsed_secs	user_secs	sys_secs	max_rss_KiB	stdout_md5sum	host_name	host_hash	runtime_name	runtime_hash	task_name	arg1	arg2
0	0.348547	0.339771	0.009108	3444	304f7b9574921ad21a2bc72f200483d7	spring	d80ab850	bash	9af8f89f	bubble_sort	int	200
0	0.407585	0.403928	0.003921	3424	85509743b2f5735b32a108dbba770ee4	spring	d80ab850	bash	9af8f89f	bubble_sort	bytes	200
0	0.292418	0.233093	0.059732	130912	304f7b9574921ad21a2bc72f200483d7	spring	d80ab850	/home/andy/git/oilshell/oil/../benchmark-data/src/oil-native-0.9.1/_bin/osh_eval.opt.stripped	b0ca4fa9	bubble_sort	int	200
0	0.362679	0.311235	0.051836	160752	85509743b2f5735b32a108dbba770ee4	spring	d80ab850	/home/andy/git/oilshell/oil/../benchmark-data/src/oil-native-0.9.1/_bin/osh_eval.opt.stripped	b0ca4fa9	bubble_sort	bytes	200
0	0.053276	0.045572	0.008066	6996	304f7b9574921ad21a2bc72f200483d7	spring	d80ab850	python	e809d907	bubble_sort	int	200
0	0.029674	0.025163	0.004933	7120	85509743b2f5735b32a108dbba770ee4	spring	d80ab850	python	e809d907	bubble_sort	bytes	200
