status	elapsed_secs	user_secs	sys_secs	max_rss_KiB	stdout_md5sum	host_name	host_hash	runtime_name	runtime_hash	task_name	arg1	arg2
0	0.365700	0.362891	0.003292	3496	304f7b9574921ad21a2bc72f200483d7	spring	d80ab850	bash	9af8f89f	bubble_sort	int	200
0	0.408762	0.405250	0.003985	3492	85509743b2f5735b32a108dbba770ee4	spring	d80ab850	bash	9af8f89f	bubble_sort	bytes	200
0	0.352149	0.300431	0.052138	150724	304f7b9574921ad21a2bc72f200483d7	spring	d80ab850	/home/andy/git/oilshell/oil/../benchmark-data/src/oil-native-0.9.4/_bin/osh_eval.opt.stripped	419ba42a	bubble_sort	int	200
0	0.367924	0.292221	0.076064	165824	85509743b2f5735b32a108dbba770ee4	spring	d80ab850	/home/andy/git/oilshell/oil/../benchmark-data/src/oil-native-0.9.4/_bin/osh_eval.opt.stripped	419ba42a	bubble_sort	bytes	200
0	0.060461	0.049058	0.011781	7068	304f7b9574921ad21a2bc72f200483d7	spring	d80ab850	python	e809d907	bubble_sort	int	200
0	0.029012	0.022177	0.007226	7072	85509743b2f5735b32a108dbba770ee4	spring	d80ab850	python	e809d907	bubble_sort	bytes	200
