status	elapsed_secs	user_secs	sys_secs	max_rss_KiB	stdout_md5sum	host_name	host_hash	runtime_name	runtime_hash	task_name	arg1	arg2
0	0.002101	0.002037	0.000000	3260	b1946ac92492d2347c6235b4d2611184	broome	7a69aabc	bash	9af8f89f	hello	_	_
0	0.001089	0.001058	0.000000	1684	b1946ac92492d2347c6235b4d2611184	broome	7a69aabc	dash	9ff48631	hello	_	_
0	0.004896	0.004866	0.000000	6008	b1946ac92492d2347c6235b4d2611184	broome	7a69aabc	/home/andy/git/oilshell/oil/../benchmark-data/src/oils-for-unix-0.14.1/_bin/cxx-opt-sh/osh	384afe75	hello	_	_
0	0.015007	0.014946	0.000000	7132	b1946ac92492d2347c6235b4d2611184	broome	7a69aabc	python2	e809d907	hello	_	_
