status	elapsed_secs	user_secs	sys_secs	max_rss_KiB	stdout_md5sum	host_name	host_hash	runtime_name	runtime_hash	task_name	arg1	arg2
0	0.002025	0.001994	0.000000	3312	b1946ac92492d2347c6235b4d2611184	broome	d80ab850	bash	9af8f89f	hello	_	_
0	0.001101	0.001070	0.000000	1720	b1946ac92492d2347c6235b4d2611184	broome	d80ab850	dash	9ff48631	hello	_	_
0	0.002852	0.000000	0.002840	3976	b1946ac92492d2347c6235b4d2611184	broome	d80ab850	/home/andy/git/oilshell/oil/../benchmark-data/src/oil-native-0.9.8/_bin/osh_eval.opt.stripped	7648d105	hello	_	_
0	0.017011	0.012753	0.004251	7144	b1946ac92492d2347c6235b4d2611184	broome	d80ab850	python2	e809d907	hello	_	_
