status	elapsed_secs	user_secs	sys_secs	max_rss_KiB	stdout_md5sum	host_name	host_hash	runtime_name	runtime_hash	task_name	arg1	arg2
0	0.002107	0.002078	0.000000	3072	b1946ac92492d2347c6235b4d2611184	broome	7a69aabc	bash	9af8f89f	hello	_	_
0	0.001071	0.001036	0.000000	1760	b1946ac92492d2347c6235b4d2611184	broome	7a69aabc	dash	9ff48631	hello	_	_
0	0.005802	0.005773	0.000000	6356	b1946ac92492d2347c6235b4d2611184	broome	7a69aabc	/home/andy/git/oilshell/oil/../benchmark-data/src/oils-for-unix-0.15.0/_bin/cxx-opt-sh/osh	ba89773c	hello	_	_
0	0.018163	0.018131	0.000000	7260	b1946ac92492d2347c6235b4d2611184	broome	7a69aabc	python2	e809d907	hello	_	_
