status	elapsed_secs	user_secs	sys_secs	max_rss_KiB	stdout_md5sum	host_name	host_hash	runtime_name	runtime_hash	task_name	arg1	arg2
0	0.002089	0.002038	0.000000	3288	b1946ac92492d2347c6235b4d2611184	broome	d80ab850	bash	9af8f89f	hello	_	_
0	0.001126	0.001095	0.000000	1676	b1946ac92492d2347c6235b4d2611184	broome	d80ab850	dash	9ff48631	hello	_	_
0	0.015027	0.014996	0.000000	7188	b1946ac92492d2347c6235b4d2611184	broome	d80ab850	python2	e809d907	hello	_	_
