status	elapsed_secs	user_secs	sys_secs	max_rss_KiB	stdout_md5sum	host_name	host_hash	runtime_name	runtime_hash	task_name	arg1	arg2
0	0.002108	0.000000	0.002076	3352	b1946ac92492d2347c6235b4d2611184	broome	8a85d07d	bash	9af8f89f	hello	_	_
0	0.001102	0.001038	0.000000	1700	b1946ac92492d2347c6235b4d2611184	broome	8a85d07d	dash	9ff48631	hello	_	_
0	0.003066	0.002999	0.000000	3776	b1946ac92492d2347c6235b4d2611184	broome	8a85d07d	/home/andy/git/oilshell/oil/../benchmark-data/src/oil-native-0.12.4/_bin/cxx-opt-sh/osh_eval.stripped	cd062c64	hello	_	_
0	0.016660	0.016597	0.000000	7168	b1946ac92492d2347c6235b4d2611184	broome	8a85d07d	python2	e809d907	hello	_	_
