status	elapsed_secs	user_secs	sys_secs	max_rss_KiB	stdout_md5sum	host_name	host_hash	runtime_name	runtime_hash	task_name	arg1	arg2
0	0.002211	0.002158	0.000000	3360	b1946ac92492d2347c6235b4d2611184	broome	d80ab850	bash	9af8f89f	hello	_	_
0	0.001004	0.000973	0.000000	1660	b1946ac92492d2347c6235b4d2611184	broome	d80ab850	dash	9ff48631	hello	_	_
0	0.002927	0.002930	0.000000	4120	b1946ac92492d2347c6235b4d2611184	broome	d80ab850	/home/andy/git/oilshell/oil/../benchmark-data/src/oil-native-0.9.4/_bin/osh_eval.opt.stripped	419ba42a	hello	_	_
0	0.017380	0.017388	0.000000	7072	b1946ac92492d2347c6235b4d2611184	broome	d80ab850	python	e809d907	hello	_	_
