status	elapsed_secs	user_secs	sys_secs	max_rss_KiB	stdout_md5sum	host_name	host_hash	runtime_name	runtime_hash	task_name	arg1	arg2
0	0.002066	0.002036	0.000000	3288	b1946ac92492d2347c6235b4d2611184	broome	7a69aabc	bash	9af8f89f	hello	_	_
0	0.001116	0.001086	0.000000	1648	b1946ac92492d2347c6235b4d2611184	broome	7a69aabc	dash	9ff48631	hello	_	_
0	0.005856	0.002896	0.002896	6372	b1946ac92492d2347c6235b4d2611184	broome	7a69aabc	/home/andy/git/oilshell/oil/../benchmark-data/src/oils-for-unix-0.15.0/_bin/cxx-opt-sh/osh	3c290bd3	hello	_	_
0	0.017460	0.013045	0.004348	7040	b1946ac92492d2347c6235b4d2611184	broome	7a69aabc	python2	e809d907	hello	_	_
