status	elapsed_secs	user_secs	sys_secs	max_rss_KiB	stdout_md5sum	host_name	host_hash	runtime_name	runtime_hash	task_name	arg1	arg2
0	0.002015	0.001992	0.000000	3184	b1946ac92492d2347c6235b4d2611184	broome	d80ab850	bash	9af8f89f	hello	_	_
0	0.001080	0.001051	0.000000	1736	b1946ac92492d2347c6235b4d2611184	broome	d80ab850	dash	9ff48631	hello	_	_
0	0.002920	0.002878	0.000000	4104	b1946ac92492d2347c6235b4d2611184	broome	d80ab850	/home/andy/git/oilshell/oil/../benchmark-data/src/oil-native-0.9.4/_bin/osh_eval.opt.stripped	0ce600e4	hello	_	_
0	0.016352	0.012265	0.004088	7104	b1946ac92492d2347c6235b4d2611184	broome	d80ab850	python	e809d907	hello	_	_
