status	elapsed_secs	user_secs	sys_secs	max_rss_KiB	stdout_md5sum	host_name	host_hash	runtime_name	runtime_hash	task_name	arg1	arg2
0	0.002869	0.002148	0.000000	3184	b1946ac92492d2347c6235b4d2611184	broome	76a68468	bash	9af8f89f	hello	_	_
0	0.001106	0.001044	0.000000	1700	b1946ac92492d2347c6235b4d2611184	broome	76a68468	dash	9ff48631	hello	_	_
0	0.005291	0.005260	0.000000	5944	b1946ac92492d2347c6235b4d2611184	broome	76a68468	/home/andy/git/oilshell/oil/../benchmark-data/src/oils-for-unix-0.16.0/_bin/cxx-opt-sh/osh	f03c4b44	hello	_	_
0	0.018451	0.013317	0.004439	7044	b1946ac92492d2347c6235b4d2611184	broome	76a68468	python2	e809d907	hello	_	_
