status	elapsed_secs	user_secs	sys_secs	max_rss_KiB	stdout_md5sum	host_name	host_hash	runtime_name	runtime_hash	task_name	arg1	arg2
0	0.002075	0.002010	0.000000	3304	b1946ac92492d2347c6235b4d2611184	broome	8a85d07d	bash	9af8f89f	hello	_	_
0	0.001109	0.000000	0.001049	1720	b1946ac92492d2347c6235b4d2611184	broome	8a85d07d	dash	9ff48631	hello	_	_
0	0.002829	0.000000	0.002765	4100	b1946ac92492d2347c6235b4d2611184	broome	8a85d07d	/home/andy/git/oilshell/oil/../benchmark-data/src/oil-native-0.12.3/_bin/cxx-opt-sh/osh_eval.stripped	0d75ac5a	hello	_	_
0	0.017511	0.017430	0.000000	7152	b1946ac92492d2347c6235b4d2611184	broome	8a85d07d	python2	e809d907	hello	_	_
