status	elapsed_secs	user_secs	sys_secs	max_rss_KiB	stdout_md5sum	host_name	host_hash	runtime_name	runtime_hash	task_name	arg1	arg2
0	0.002088	0.002056	0.000000	3196	b1946ac92492d2347c6235b4d2611184	broome	d80ab850	bash	9af8f89f	hello	_	_
0	0.001037	0.000986	0.000000	1648	b1946ac92492d2347c6235b4d2611184	broome	d80ab850	dash	9ff48631	hello	_	_
0	0.002842	0.000000	0.002855	3912	b1946ac92492d2347c6235b4d2611184	broome	d80ab850	/home/andy/git/oilshell/oil/../benchmark-data/src/oil-native-0.9.6/_bin/osh_eval.opt.stripped	d7f10784	hello	_	_
0	0.017194	0.012904	0.004301	7044	b1946ac92492d2347c6235b4d2611184	broome	d80ab850	python2	e809d907	hello	_	_
