status	elapsed_secs	user_secs	sys_secs	max_rss_KiB	stdout_md5sum	host_name	host_hash	runtime_name	runtime_hash	task_name	arg1	arg2
0	0.002824	0.002042	0.000000	3144	b1946ac92492d2347c6235b4d2611184	broome	8a85d07d	bash	9af8f89f	hello	_	_
0	0.001080	0.001015	0.000000	1708	b1946ac92492d2347c6235b4d2611184	broome	8a85d07d	dash	9ff48631	hello	_	_
0	0.002849	0.000000	0.002849	3992	b1946ac92492d2347c6235b4d2611184	broome	8a85d07d	/home/andy/git/oilshell/oil/../benchmark-data/src/oil-native-0.12.0/_bin/cxx-opt-sh/osh_eval.stripped	9982fcac	hello	_	_
0	0.015244	0.010836	0.003612	7148	b1946ac92492d2347c6235b4d2611184	broome	8a85d07d	python2	e809d907	hello	_	_
