status	elapsed_secs	user_secs	sys_secs	max_rss_KiB	stdout_md5sum	host_name	host_hash	runtime_name	runtime_hash	task_name	arg1	arg2
0	0.002077	0.002076	0.000000	3280	b1946ac92492d2347c6235b4d2611184	broome	8a85d07d	bash	9af8f89f	hello	_	_
0	0.001086	0.001058	0.000000	1696	b1946ac92492d2347c6235b4d2611184	broome	8a85d07d	dash	9ff48631	hello	_	_
0	0.003089	0.003061	0.000000	4052	b1946ac92492d2347c6235b4d2611184	broome	8a85d07d	/home/andy/git/oilshell/oil/../benchmark-data/src/oil-native-0.12.7/_bin/cxx-opt-sh/osh_eval.stripped	15aebd46	hello	_	_
0	0.016849	0.008392	0.008392	7252	b1946ac92492d2347c6235b4d2611184	broome	8a85d07d	python2	e809d907	hello	_	_
