status	elapsed_secs	user_secs	sys_secs	max_rss_KiB	stdout_md5sum	host_name	host_hash	runtime_name	runtime_hash	task_name	arg1	arg2
0	0.002016	0.001985	0.000000	3284	b1946ac92492d2347c6235b4d2611184	broome	d80ab850	bash	9af8f89f	hello	_	_
0	0.001094	0.001026	0.000000	1728	b1946ac92492d2347c6235b4d2611184	broome	d80ab850	dash	9ff48631	hello	_	_
0	0.002812	0.002783	0.000000	3992	b1946ac92492d2347c6235b4d2611184	broome	d80ab850	/home/andy/git/oilshell/oil/../benchmark-data/src/oil-native-0.9.1/_bin/osh_eval.opt.stripped	b0ca4fa9	hello	_	_
0	0.017215	0.008577	0.008577	7144	b1946ac92492d2347c6235b4d2611184	broome	d80ab850	python	e809d907	hello	_	_
