status	elapsed_secs	user_secs	sys_secs	max_rss_KiB	stdout_md5sum	host_name	host_hash	runtime_name	runtime_hash	task_name	arg1	arg2
0	0.002079	0.002050	0.000000	3176	b1946ac92492d2347c6235b4d2611184	broome	d80ab850	bash	9af8f89f	hello	_	_
0	0.001091	0.001026	0.000000	1692	b1946ac92492d2347c6235b4d2611184	broome	d80ab850	dash	9ff48631	hello	_	_
0	0.002876	0.002813	0.000000	4016	b1946ac92492d2347c6235b4d2611184	broome	d80ab850	/home/andy/git/oilshell/oil/../benchmark-data/src/oil-native-0.10.0/_bin/osh_eval.opt.stripped	34b24f00	hello	_	_
0	0.017378	0.012986	0.004328	7028	b1946ac92492d2347c6235b4d2611184	broome	d80ab850	python2	e809d907	hello	_	_
