status	elapsed_secs	user_secs	sys_secs	max_rss_KiB	stdout_md5sum	host_name	host_hash	runtime_name	runtime_hash	task_name	arg1	arg2
0	0.002101	0.002064	0.000000	3192	b1946ac92492d2347c6235b4d2611184	broome	7a69aabc	bash	9af8f89f	hello	_	_
0	0.001101	0.000000	0.001042	1700	b1946ac92492d2347c6235b4d2611184	broome	7a69aabc	dash	9ff48631	hello	_	_
0	0.002969	0.002906	0.000000	4048	b1946ac92492d2347c6235b4d2611184	broome	7a69aabc	/home/andy/git/oilshell/oil/../benchmark-data/src/oil-native-0.13.0/_bin/cxx-opt-sh/osh_eval.stripped	601113b9	hello	_	_
0	0.016615	0.012413	0.004137	7124	b1946ac92492d2347c6235b4d2611184	broome	7a69aabc	python2	e809d907	hello	_	_
