status	elapsed_secs	user_secs	sys_secs	max_rss_KiB	stdout_md5sum	host_name	host_hash	runtime_name	runtime_hash	task_name	arg1	arg2
0	0.002840	0.002078	0.000000	3220	b1946ac92492d2347c6235b4d2611184	broome	7a69aabc	bash	9af8f89f	hello	_	_
0	0.000973	0.000910	0.000000	1712	b1946ac92492d2347c6235b4d2611184	broome	7a69aabc	dash	9ff48631	hello	_	_
0	0.002632	0.002603	0.000000	4236	b1946ac92492d2347c6235b4d2611184	broome	7a69aabc	/home/andy/git/oilshell/oil/../benchmark-data/src/oil-native-0.13.0/_bin/cxx-opt-sh/osh_eval.stripped	fb6c4561	hello	_	_
0	0.017252	0.016464	0.000000	7096	b1946ac92492d2347c6235b4d2611184	broome	7a69aabc	python2	e809d907	hello	_	_
