status	elapsed_secs	user_secs	sys_secs	max_rss_KiB	stdout_md5sum	host_name	host_hash	runtime_name	runtime_hash	task_name	arg1	arg2
0	0.002241	0.002063	0.000000	3040	b1946ac92492d2347c6235b4d2611184	flanders	63f04b74	bash	d685a43c	hello	_	_
0	0.001188	0.001174	0.000000	1580	b1946ac92492d2347c6235b4d2611184	flanders	63f04b74	dash	2887d9e6	hello	_	_
0	0.003169	0.000000	0.003162	3744	b1946ac92492d2347c6235b4d2611184	flanders	63f04b74	/home/andy/git/oilshell/oil/../benchmark-data/src/oil-native-0.8.12/_bin/osh_eval.opt.stripped	4a6fedf8	hello	_	_
0	0.019927	0.014413	0.003603	6692	b1946ac92492d2347c6235b4d2611184	flanders	63f04b74	python	e4b9f5ce	hello	_	_
