status	elapsed_secs	user_secs	sys_secs	max_rss_KiB	stdout_md5sum	host_name	host_hash	runtime_name	runtime_hash	task_name	arg1	arg2
0	0.005173	0.003100	0.000000	3012	b1946ac92492d2347c6235b4d2611184	flanders	63f04b74	bash	d685a43c	hello	_	_
0	0.001650	0.000000	0.001622	1608	b1946ac92492d2347c6235b4d2611184	flanders	63f04b74	dash	2887d9e6	hello	_	_
0	0.004169	0.000000	0.004160	3904	b1946ac92492d2347c6235b4d2611184	flanders	63f04b74	/home/andy/git/oilshell/oil/../benchmark-data/src/oil-native-0.8.11/_bin/osh_eval.opt.stripped	f952c68a	hello	_	_
0	0.030196	0.017681	0.010609	6600	b1946ac92492d2347c6235b4d2611184	flanders	63f04b74	python	e4b9f5ce	hello	_	_
