status	elapsed_secs	user_secs	sys_secs	max_rss_KiB	stdout_md5sum	host_name	host_hash	runtime_name	runtime_hash	task_name	arg1	arg2
0	0.002729	0.002684	0.000000	2992	b1946ac92492d2347c6235b4d2611184	flanders	9d0956ac	bash	d685a43c	hello	_	_
0	0.001843	0.001761	0.000000	1768	b1946ac92492d2347c6235b4d2611184	flanders	9d0956ac	dash	2887d9e6	hello	_	_
0	0.003721	0.003733	0.000000	3924	b1946ac92492d2347c6235b4d2611184	flanders	9d0956ac	/home/andy/git/oilshell/oil/../benchmark-data/src/oil-native-0.8.6/_bin/osh_eval.opt.stripped	ebeb7305	hello	_	_
0	0.026227	0.013073	0.013073	6608	b1946ac92492d2347c6235b4d2611184	flanders	9d0956ac	python	e4b9f5ce	hello	_	_
