status	elapsed_secs	user_secs	sys_secs	max_rss_KiB	stdout_md5sum	host_name	host_hash	runtime_name	runtime_hash	task_name	arg1	arg2
0	0.004355	0.000000	0.002341	2888	b1946ac92492d2347c6235b4d2611184	flanders	e67e6fdb	bash	d685a43c	hello	_	_
0	0.001236	0.001207	0.000000	1708	b1946ac92492d2347c6235b4d2611184	flanders	e67e6fdb	dash	2887d9e6	hello	_	_
0	0.003354	0.003319	0.000000	3664	b1946ac92492d2347c6235b4d2611184	flanders	e67e6fdb	/home/andy/git/oilshell/oil/../benchmark-data/src/oil-native-0.8.5/_bin/osh_eval.opt.stripped	45df3fa6	hello	_	_
0	0.024437	0.017801	0.004450	6600	b1946ac92492d2347c6235b4d2611184	flanders	e67e6fdb	python	e4b9f5ce	hello	_	_
