status	elapsed_secs	user_secs	sys_secs	max_rss_KiB	stdout_md5sum	host_name	host_hash	runtime_name	runtime_hash	task_name	arg1	arg2
0	0.002440	0.002384	0.000000	2992	b1946ac92492d2347c6235b4d2611184	flanders	c6f24b89	bash	d685a43c	hello	_	_
0	0.001578	0.001493	0.000000	1600	b1946ac92492d2347c6235b4d2611184	flanders	c6f24b89	dash	2887d9e6	hello	_	_
0	0.003122	0.003109	0.000000	3880	b1946ac92492d2347c6235b4d2611184	flanders	c6f24b89	/home/andy/git/oilshell/oil/../benchmark-data/src/oil-native-0.8.9/_bin/osh_eval.opt.stripped	159be6f4	hello	_	_
0	0.020714	0.008258	0.012387	6640	b1946ac92492d2347c6235b4d2611184	flanders	c6f24b89	python	e4b9f5ce	hello	_	_
