status	elapsed_secs	user_secs	sys_secs	max_rss_KiB	stdout_md5sum	host_name	host_hash	runtime_name	runtime_hash	task_name	arg1	arg2
0	0.002459	0.000000	0.002230	2956	b1946ac92492d2347c6235b4d2611184	flanders	63f04b74	bash	d685a43c	hello	_	_
0	0.001229	0.001204	0.000000	1576	b1946ac92492d2347c6235b4d2611184	flanders	63f04b74	dash	2887d9e6	hello	_	_
0	0.003207	0.000000	0.003178	3996	b1946ac92492d2347c6235b4d2611184	flanders	63f04b74	/home/andy/git/oilshell/oil/../benchmark-data/src/oil-native-0.9.0/_bin/osh_eval.opt.stripped	e3fbcc0d	hello	_	_
0	0.021189	0.015417	0.003854	6640	b1946ac92492d2347c6235b4d2611184	flanders	63f04b74	python	e4b9f5ce	hello	_	_
