status	elapsed_secs	user_secs	sys_secs	max_rss_KiB	stdout_md5sum	host_name	host_hash	runtime_name	runtime_hash	task_name	arg1	arg2
0	0.002492	0.000000	0.002259	2996	b1946ac92492d2347c6235b4d2611184	flanders	f9790abf	bash	d685a43c	hello	_	_
0	0.001209	0.001194	0.000000	1704	b1946ac92492d2347c6235b4d2611184	flanders	f9790abf	dash	2887d9e6	hello	_	_
0	0.003307	0.003290	0.000000	3916	b1946ac92492d2347c6235b4d2611184	flanders	f9790abf	/home/andy/git/oilshell/oil/../benchmark-data/src/oil-native-0.8.8/_bin/osh_eval.opt.stripped	9c917933	hello	_	_
0	0.020837	0.018783	0.000000	6792	b1946ac92492d2347c6235b4d2611184	flanders	f9790abf	python	e4b9f5ce	hello	_	_
