status	elapsed_secs	user_secs	sys_secs	max_rss_KiB	stdout_md5sum	host_name	host_hash	runtime_name	runtime_hash	task_name	arg1	arg2
0	0.000921	0.000886	0.000000	3344	b1946ac92492d2347c6235b4d2611184	lenny	76afa3e0	bash	9af8f89f	hello	_	_
0	0.000415	0.000380	0.000000	1668	b1946ac92492d2347c6235b4d2611184	lenny	76afa3e0	dash	9ff48631	hello	_	_
0	0.001566	0.001526	0.000000	4928	b1946ac92492d2347c6235b4d2611184	lenny	76afa3e0	/home/andy/git/oilshell/oil/../benchmark-data/src/oils-for-unix-0.14.0/_bin/cxx-opt-sh/osh	f7cd6d82	hello	_	_
0	0.006018	0.005981	0.000000	7260	b1946ac92492d2347c6235b4d2611184	lenny	76afa3e0	python2	e809d907	hello	_	_
