status	elapsed_secs	user_secs	sys_secs	max_rss_KiB	stdout_md5sum	host_name	host_hash	runtime_name	runtime_hash	task_name	arg1	arg2
0	0.000687	0.000659	0.000000	3324	b1946ac92492d2347c6235b4d2611184	lenny	6933449d	bash	9af8f89f	hello	_	_
0	0.000377	0.000346	0.000000	1704	b1946ac92492d2347c6235b4d2611184	lenny	6933449d	dash	9ff48631	hello	_	_
0	0.005856	0.005825	0.000000	7152	b1946ac92492d2347c6235b4d2611184	lenny	6933449d	python2	e809d907	hello	_	_
