status	elapsed_secs	user_secs	sys_secs	max_rss_KiB	stdout_md5sum	host_name	host_hash	runtime_name	runtime_hash	task_name	arg1	arg2
0	0.001826	0.001266	0.000000	3204	b1946ac92492d2347c6235b4d2611184	lenny	c758ab9d	bash	9af8f89f	hello	_	_
0	0.000509	0.000478	0.000000	1660	b1946ac92492d2347c6235b4d2611184	lenny	c758ab9d	dash	9ff48631	hello	_	_
0	0.001293	0.001261	0.000000	3968	b1946ac92492d2347c6235b4d2611184	lenny	c758ab9d	/home/andy/git/oilshell/oil/../benchmark-data/src/oil-native-0.8.12/_bin/osh_eval.opt.stripped	4a6fedf8	hello	_	_
0	0.008069	0.007823	0.000000	7208	b1946ac92492d2347c6235b4d2611184	lenny	c758ab9d	python	e809d907	hello	_	_
