status	elapsed_secs	user_secs	sys_secs	max_rss_KiB	stdout_md5sum	host_name	host_hash	runtime_name	runtime_hash	task_name	arg1	arg2
0	0.000734	0.000000	0.000726	3180	b1946ac92492d2347c6235b4d2611184	lenny	c6bbd9ee	bash	9af8f89f	hello	_	_
0	0.000460	0.000434	0.000000	1668	b1946ac92492d2347c6235b4d2611184	lenny	c6bbd9ee	dash	9ff48631	hello	_	_
0	0.001117	0.001084	0.000000	4148	b1946ac92492d2347c6235b4d2611184	lenny	c6bbd9ee	/home/andy/git/oilshell/oil/../benchmark-data/src/oil-native-0.12.8/_bin/cxx-opt-sh/osh_eval.stripped	c80177d1	hello	_	_
0	0.008824	0.004334	0.004334	7156	b1946ac92492d2347c6235b4d2611184	lenny	c6bbd9ee	python2	e809d907	hello	_	_
