status	elapsed_secs	user_secs	sys_secs	max_rss_KiB	stdout_md5sum	host_name	host_hash	runtime_name	runtime_hash	task_name	arg1	arg2
0	0.000840	0.000813	0.000000	3276	b1946ac92492d2347c6235b4d2611184	lenny	761a4bee	bash	9af8f89f	hello	_	_
0	0.000496	0.000457	0.000000	1612	b1946ac92492d2347c6235b4d2611184	lenny	761a4bee	dash	9ff48631	hello	_	_
0	0.001845	0.001803	0.000000	4052	b1946ac92492d2347c6235b4d2611184	lenny	761a4bee	/home/andy/git/oilshell/oil/../benchmark-data/src/oil-native-0.9.9/_bin/osh_eval.opt.stripped	8dd083f0	hello	_	_
0	0.008112	0.008012	0.000000	7216	b1946ac92492d2347c6235b4d2611184	lenny	761a4bee	python2	e809d907	hello	_	_
