status	elapsed_secs	user_secs	sys_secs	max_rss_KiB	stdout_md5sum	host_name	host_hash	runtime_name	runtime_hash	task_name	arg1	arg2
0	0.000923	0.000900	0.000000	3344	b1946ac92492d2347c6235b4d2611184	lenny	f88955fe	bash	9af8f89f	hello	_	_
0	0.000574	0.000000	0.000542	1664	b1946ac92492d2347c6235b4d2611184	lenny	f88955fe	dash	9ff48631	hello	_	_
0	0.002195	0.002184	0.000000	5892	b1946ac92492d2347c6235b4d2611184	lenny	f88955fe	/home/andy/git/oilshell/oil/../benchmark-data/src/oils-for-unix-0.14.2/_bin/cxx-opt-sh/osh	7a6ca51a	hello	_	_
0	0.007161	0.000000	0.007160	7320	b1946ac92492d2347c6235b4d2611184	lenny	f88955fe	python2	e809d907	hello	_	_
