status	elapsed_secs	user_secs	sys_secs	max_rss_KiB	stdout_md5sum	host_name	host_hash	runtime_name	runtime_hash	task_name	arg1	arg2
0	0.000972	0.000954	0.000000	3308	b1946ac92492d2347c6235b4d2611184	lenny	5570ba51	bash	9af8f89f	hello	_	_
0	0.000676	0.000653	0.000000	1744	b1946ac92492d2347c6235b4d2611184	lenny	5570ba51	dash	9ff48631	hello	_	_
0	0.002866	0.002831	0.000000	6192	b1946ac92492d2347c6235b4d2611184	lenny	5570ba51	/home/andy/git/oilshell/oil/../benchmark-data/src/oils-for-unix-0.15.0/_bin/cxx-opt-sh/osh	ba89773c	hello	_	_
0	0.007836	0.007831	0.000000	7224	b1946ac92492d2347c6235b4d2611184	lenny	5570ba51	python2	e809d907	hello	_	_
