status	elapsed_secs	user_secs	sys_secs	max_rss_KiB	stdout_md5sum	host_name	host_hash	runtime_name	runtime_hash	task_name	arg1	arg2
0	0.000956	0.000000	0.000923	3308	b1946ac92492d2347c6235b4d2611184	lenny	3063f657	bash	9af8f89f	hello	_	_
0	0.000469	0.000442	0.000000	1660	b1946ac92492d2347c6235b4d2611184	lenny	3063f657	dash	9ff48631	hello	_	_
0	0.001313	0.001279	0.000000	4012	b1946ac92492d2347c6235b4d2611184	lenny	3063f657	/home/andy/git/oilshell/oil/../benchmark-data/src/oil-native-0.13.0/_bin/cxx-opt-sh/osh_eval.stripped	601113b9	hello	_	_
0	0.006662	0.006624	0.000000	6996	b1946ac92492d2347c6235b4d2611184	lenny	3063f657	python2	e809d907	hello	_	_
