status	elapsed_secs	user_secs	sys_secs	max_rss_KiB	stdout_md5sum	host_name	host_hash	runtime_name	runtime_hash	task_name	arg1	arg2
0	0.000747	0.000716	0.000000	3268	b1946ac92492d2347c6235b4d2611184	lenny	b7f988ad	bash	9af8f89f	hello	_	_
0	0.000566	0.000538	0.000000	1748	b1946ac92492d2347c6235b4d2611184	lenny	b7f988ad	dash	9ff48631	hello	_	_
0	0.001824	0.001808	0.000000	3704	b1946ac92492d2347c6235b4d2611184	lenny	b7f988ad	/home/andy/git/oilshell/oil/../benchmark-data/src/oil-native-0.12.4/_bin/cxx-opt-sh/osh_eval.stripped	cd062c64	hello	_	_
0	0.006097	0.000000	0.006064	7092	b1946ac92492d2347c6235b4d2611184	lenny	b7f988ad	python2	e809d907	hello	_	_
