status	elapsed_secs	user_secs	sys_secs	max_rss_KiB	stdout_md5sum	host_name	host_hash	runtime_name	runtime_hash	task_name	arg1	arg2
0	0.000755	0.000719	0.000000	3380	b1946ac92492d2347c6235b4d2611184	lenny	6933449d	bash	9af8f89f	hello	_	_
0	0.000399	0.000367	0.000000	1676	b1946ac92492d2347c6235b4d2611184	lenny	6933449d	dash	9ff48631	hello	_	_
0	0.001158	0.001125	0.000000	4164	b1946ac92492d2347c6235b4d2611184	lenny	6933449d	/home/andy/git/oilshell/oil/../benchmark-data/src/oil-native-0.10.1/_bin/cxx-opt-sh/osh_eval.stripped	cfec8796	hello	_	_
0	0.006852	0.003399	0.003399	7116	b1946ac92492d2347c6235b4d2611184	lenny	6933449d	python2	e809d907	hello	_	_
