status	elapsed_secs	user_secs	sys_secs	max_rss_KiB	stdout_md5sum	host_name	host_hash	runtime_name	runtime_hash	task_name	arg1	arg2
0	0.000937	0.000907	0.000000	3276	b1946ac92492d2347c6235b4d2611184	lenny	3063f657	bash	9af8f89f	hello	_	_
0	0.000528	0.000492	0.000000	1664	b1946ac92492d2347c6235b4d2611184	lenny	3063f657	dash	9ff48631	hello	_	_
0	0.001425	0.000000	0.001388	4508	b1946ac92492d2347c6235b4d2611184	lenny	3063f657	/home/andy/git/oilshell/oil/../benchmark-data/src/oil-native-0.13.1/_bin/cxx-opt-sh/osh_eval.stripped	30cde83a	hello	_	_
0	0.006166	0.003064	0.003064	7244	b1946ac92492d2347c6235b4d2611184	lenny	3063f657	python2	e809d907	hello	_	_
