status	elapsed_secs	user_secs	sys_secs	max_rss_KiB	stdout_md5sum	host_name	host_hash	runtime_name	runtime_hash	task_name	arg1	arg2
0	0.001334	0.000000	0.001306	3232	b1946ac92492d2347c6235b4d2611184	lenny	ec64f10b	bash	9af8f89f	hello	_	_
0	0.000386	0.000354	0.000000	1644	b1946ac92492d2347c6235b4d2611184	lenny	ec64f10b	dash	9ff48631	hello	_	_
0	0.001081	0.001045	0.000000	4016	b1946ac92492d2347c6235b4d2611184	lenny	ec64f10b	/home/andy/git/oilshell/oil/../benchmark-data/src/oil-native-0.9.8/_bin/osh_eval.opt.stripped	7648d105	hello	_	_
0	0.006226	0.006188	0.000000	7220	b1946ac92492d2347c6235b4d2611184	lenny	ec64f10b	python2	e809d907	hello	_	_
