status	elapsed_secs	user_secs	sys_secs	max_rss_KiB	stdout_md5sum	host_name	host_hash	runtime_name	runtime_hash	task_name	arg1	arg2
0	0.000799	0.000766	0.000000	3320	b1946ac92492d2347c6235b4d2611184	lenny	23f35694	bash	9af8f89f	hello	_	_
0	0.000380	0.000341	0.000000	1700	b1946ac92492d2347c6235b4d2611184	lenny	23f35694	dash	9ff48631	hello	_	_
0	0.001031	0.001000	0.000000	3872	b1946ac92492d2347c6235b4d2611184	lenny	23f35694	/home/andy/git/oilshell/oil/../benchmark-data/src/oil-native-0.12.0/_bin/cxx-opt-sh/osh_eval.stripped	9982fcac	hello	_	_
0	0.005964	0.005923	0.000000	7156	b1946ac92492d2347c6235b4d2611184	lenny	23f35694	python2	e809d907	hello	_	_
