status	elapsed_secs	user_secs	sys_secs	max_rss_KiB	stdout_md5sum	host_name	host_hash	runtime_name	runtime_hash	task_name	arg1	arg2
0	0.000830	0.000000	0.000794	3244	b1946ac92492d2347c6235b4d2611184	lenny	5570ba51	bash	9af8f89f	hello	_	_
0	0.000419	0.000381	0.000000	1708	b1946ac92492d2347c6235b4d2611184	lenny	5570ba51	dash	9ff48631	hello	_	_
0	0.002218	0.002135	0.000000	6356	b1946ac92492d2347c6235b4d2611184	lenny	5570ba51	/home/andy/git/oilshell/oil/../benchmark-data/src/oils-for-unix-0.15.0/_bin/cxx-opt-sh/osh	3c290bd3	hello	_	_
0	0.006297	0.000000	0.006259	7208	b1946ac92492d2347c6235b4d2611184	lenny	5570ba51	python2	e809d907	hello	_	_
