status	elapsed_secs	user_secs	sys_secs	max_rss_KiB	stdout_md5sum	host_name	host_hash	runtime_name	runtime_hash	task_name	arg1	arg2
0	0.010927	0.001270	0.000000	3244	b1946ac92492d2347c6235b4d2611184	lenny	b7f988ad	bash	9af8f89f	hello	_	_
0	0.000676	0.000000	0.000634	1756	b1946ac92492d2347c6235b4d2611184	lenny	b7f988ad	dash	9ff48631	hello	_	_
0	0.001309	0.001283	0.000000	4016	b1946ac92492d2347c6235b4d2611184	lenny	b7f988ad	/home/andy/git/oilshell/oil/../benchmark-data/src/oil-native-0.12.5/_bin/cxx-opt-sh/osh_eval.stripped	588e003a	hello	_	_
0	0.007396	0.006950	0.000000	7244	b1946ac92492d2347c6235b4d2611184	lenny	b7f988ad	python2	e809d907	hello	_	_
