status	elapsed_secs	user_secs	sys_secs	max_rss_KiB	stdout_md5sum	host_name	host_hash	runtime_name	runtime_hash	task_name	arg1	arg2
0	0.000721	0.000690	0.000000	3284	b1946ac92492d2347c6235b4d2611184	lenny	6933449d	bash	9af8f89f	hello	_	_
0	0.000379	0.000337	0.000000	1636	b1946ac92492d2347c6235b4d2611184	lenny	6933449d	dash	9ff48631	hello	_	_
0	0.001009	0.000981	0.000000	4052	b1946ac92492d2347c6235b4d2611184	lenny	6933449d	/home/andy/git/oilshell/oil/../benchmark-data/src/oil-native-0.11.0/_bin/cxx-opt-sh/osh_eval.stripped	14996860	hello	_	_
0	0.006359	0.000000	0.006325	7148	b1946ac92492d2347c6235b4d2611184	lenny	6933449d	python2	e809d907	hello	_	_
