status	elapsed_secs	user_secs	sys_secs	max_rss_KiB	stdout_md5sum	host_name	host_hash	runtime_name	runtime_hash	task_name	arg1	arg2
0	0.000743	0.000712	0.000000	3172	b1946ac92492d2347c6235b4d2611184	lenny	c6bbd9ee	bash	9af8f89f	hello	_	_
0	0.000594	0.000568	0.000000	1664	b1946ac92492d2347c6235b4d2611184	lenny	c6bbd9ee	dash	9ff48631	hello	_	_
0	0.001230	0.001207	0.000000	4000	b1946ac92492d2347c6235b4d2611184	lenny	c6bbd9ee	/home/andy/git/oilshell/oil/../benchmark-data/src/oil-native-0.12.9/_bin/cxx-opt-sh/osh_eval.stripped	b4a35663	hello	_	_
0	0.007037	0.007011	0.000000	7144	b1946ac92492d2347c6235b4d2611184	lenny	c6bbd9ee	python2	e809d907	hello	_	_
