status	elapsed_secs	user_secs	sys_secs	max_rss_KiB	stdout_md5sum	host_name	host_hash	runtime_name	runtime_hash	task_name	arg1	arg2
0	0.000786	0.000000	0.000753	3244	b1946ac92492d2347c6235b4d2611184	lenny	23f35694	bash	9af8f89f	hello	_	_
0	0.000647	0.000612	0.000000	1676	b1946ac92492d2347c6235b4d2611184	lenny	23f35694	dash	9ff48631	hello	_	_
0	0.001359	0.001332	0.000000	4144	b1946ac92492d2347c6235b4d2611184	lenny	23f35694	/home/andy/git/oilshell/oil/../benchmark-data/src/oil-native-0.12.3/_bin/cxx-opt-sh/osh_eval.stripped	0d75ac5a	hello	_	_
0	0.007185	0.007154	0.000000	7096	b1946ac92492d2347c6235b4d2611184	lenny	23f35694	python2	e809d907	hello	_	_
