status	elapsed_secs	user_secs	sys_secs	max_rss_KiB	stdout_md5sum	host_name	host_hash	runtime_name	runtime_hash	task_name	arg1	arg2
0	0.011151	0.001400	0.000000	3344	b1946ac92492d2347c6235b4d2611184	lenny	b7f988ad	bash	9af8f89f	hello	_	_
0	0.000567	0.000538	0.000000	1592	b1946ac92492d2347c6235b4d2611184	lenny	b7f988ad	dash	9ff48631	hello	_	_
0	0.001236	0.001204	0.000000	4272	b1946ac92492d2347c6235b4d2611184	lenny	b7f988ad	/home/andy/git/oilshell/oil/../benchmark-data/src/oil-native-0.12.6/_bin/cxx-opt-sh/osh_eval.stripped	850fa8be	hello	_	_
0	0.009022	0.000000	0.008243	7044	b1946ac92492d2347c6235b4d2611184	lenny	b7f988ad	python2	e809d907	hello	_	_
