status	elapsed_secs	user_secs	sys_secs	max_rss_KiB	stdout_md5sum	host_name	host_hash	runtime_name	runtime_hash	task_name	arg1	arg2
0	0.000813	0.000826	0.000000	3036	b1946ac92492d2347c6235b4d2611184	lisa	c6f24b89	bash	d685a43c	hello	_	_
0	0.000399	0.000000	0.000380	1448	b1946ac92492d2347c6235b4d2611184	lisa	c6f24b89	dash	2887d9e6	hello	_	_
0	0.001109	0.001099	0.000000	3780	b1946ac92492d2347c6235b4d2611184	lisa	c6f24b89	/home/andy/git/oilshell/oil/../benchmark-data/src/oil-native-0.8.9/_bin/osh_eval.opt.stripped	3b969dd4	hello	_	_
0	0.006707	0.003346	0.003346	6772	b1946ac92492d2347c6235b4d2611184	lisa	c6f24b89	python	e4b9f5ce	hello	_	_
