status	elapsed_secs	user_secs	sys_secs	max_rss_KiB	stdout_md5sum	host_name	host_hash	runtime_name	runtime_hash	task_name	arg1	arg2
0	0.000794	0.000791	0.000000	3060	b1946ac92492d2347c6235b4d2611184	lisa	f9790abf	bash	d685a43c	hello	_	_
0	0.000565	0.000554	0.000000	1444	b1946ac92492d2347c6235b4d2611184	lisa	f9790abf	dash	2887d9e6	hello	_	_
0	0.001226	0.000000	0.001228	3720	b1946ac92492d2347c6235b4d2611184	lisa	f9790abf	/home/andy/git/oilshell/oil/../benchmark-data/src/oil-native-0.8.8/_bin/osh_eval.opt.stripped	9c917933	hello	_	_
0	0.007266	0.003632	0.003632	6780	b1946ac92492d2347c6235b4d2611184	lisa	f9790abf	python	e4b9f5ce	hello	_	_
