status	elapsed_secs	user_secs	sys_secs	max_rss_KiB	stdout_md5sum	host_name	host_hash	runtime_name	runtime_hash	task_name	arg1	arg2
0	0.000810	0.000787	0.000000	3012	b1946ac92492d2347c6235b4d2611184	lisa	1f35df1a	bash	d685a43c	hello	_	_
0	0.000457	0.000437	0.000000	1604	b1946ac92492d2347c6235b4d2611184	lisa	1f35df1a	dash	2887d9e6	hello	_	_
0	0.001263	0.001256	0.000000	3692	b1946ac92492d2347c6235b4d2611184	lisa	1f35df1a	/home/andy/git/oilshell/oil/../benchmark-data/src/oil-native-0.8.5/_bin/osh_eval.opt.stripped	45df3fa6	hello	_	_
0	0.007998	0.000000	0.007982	6628	b1946ac92492d2347c6235b4d2611184	lisa	1f35df1a	python	e4b9f5ce	hello	_	_
