status	elapsed_secs	user_secs	sys_secs	max_rss_KiB	stdout_md5sum	host_name	host_hash	runtime_name	runtime_hash	task_name	arg1	arg2
0	0.000768	0.000749	0.000000	2980	b1946ac92492d2347c6235b4d2611184	lisa	c6f24b89	bash	d685a43c	hello	_	_
0	0.000390	0.000372	0.000000	1676	b1946ac92492d2347c6235b4d2611184	lisa	c6f24b89	dash	2887d9e6	hello	_	_
0	0.001466	0.000000	0.001449	3868	b1946ac92492d2347c6235b4d2611184	lisa	c6f24b89	/home/andy/git/oilshell/oil/../benchmark-data/src/oil-native-0.8.9/_bin/osh_eval.opt.stripped	159be6f4	hello	_	_
0	0.008167	0.004074	0.004074	6808	b1946ac92492d2347c6235b4d2611184	lisa	c6f24b89	python	e4b9f5ce	hello	_	_
