status	elapsed_secs	user_secs	sys_secs	max_rss_KiB	stdout_md5sum	host_name	host_hash	runtime_name	runtime_hash	task_name	arg1	arg2
0	0.000682	0.000664	0.000000	3140	b1946ac92492d2347c6235b4d2611184	lisa	63f04b74	bash	d685a43c	hello	_	_
0	0.000378	0.000360	0.000000	1448	b1946ac92492d2347c6235b4d2611184	lisa	63f04b74	dash	2887d9e6	hello	_	_
0	0.001106	0.001086	0.000000	3772	b1946ac92492d2347c6235b4d2611184	lisa	63f04b74	/home/andy/git/oilshell/oil/../benchmark-data/src/oil-native-0.8.10/_bin/osh_eval.opt.stripped	c6b7a640	hello	_	_
0	0.006693	0.006481	0.000000	6732	b1946ac92492d2347c6235b4d2611184	lisa	63f04b74	python	e4b9f5ce	hello	_	_
