status	elapsed_secs	user_secs	sys_secs	max_rss_KiB	stdout_md5sum	host_name	host_hash	runtime_name	runtime_hash	task_name	arg1	arg2
0	0.000917	0.000000	0.000907	3004	b1946ac92492d2347c6235b4d2611184	lisa	9d0956ac	bash	d685a43c	hello	_	_
0	0.000418	0.000392	0.000000	1608	b1946ac92492d2347c6235b4d2611184	lisa	9d0956ac	dash	2887d9e6	hello	_	_
0	0.001180	0.001165	0.000000	3716	b1946ac92492d2347c6235b4d2611184	lisa	9d0956ac	/home/andy/git/oilshell/oil/../benchmark-data/src/oil-native-0.8.6/_bin/osh_eval.opt.stripped	ebeb7305	hello	_	_
0	0.009709	0.004836	0.004836	6756	b1946ac92492d2347c6235b4d2611184	lisa	9d0956ac	python	e4b9f5ce	hello	_	_
