status	elapsed_secs	user_secs	sys_secs	max_rss_KiB	stdout_md5sum	host_name	host_hash	runtime_name	runtime_hash	task_name	arg1	arg2
0	0.000841	0.000822	0.000000	3016	b1946ac92492d2347c6235b4d2611184	lisa	59823a5d	bash	d685a43c	hello	_	_
0	0.000364	0.000347	0.000000	1612	b1946ac92492d2347c6235b4d2611184	lisa	59823a5d	dash	2887d9e6	hello	_	_
0	0.001139	0.001131	0.000000	3772	b1946ac92492d2347c6235b4d2611184	lisa	59823a5d	/home/andy/git/oilshell/oil/../benchmark-data/src/oil-native-0.8.7/_bin/osh_eval.opt.stripped	76be85f8	hello	_	_
0	0.007758	0.007678	0.000000	6756	b1946ac92492d2347c6235b4d2611184	lisa	59823a5d	python	e4b9f5ce	hello	_	_
