status	elapsed_secs	user_secs	sys_secs	max_rss_KiB	stdout_md5sum	host_name	host_hash	runtime_name	runtime_hash	task_name	arg1	arg2
0	0.002052	0.002020	0.000000	3260	b1946ac92492d2347c6235b4d2611184	spring	d80ab850	bash	9af8f89f	hello	_	_
0	0.001064	0.001031	0.000000	1652	b1946ac92492d2347c6235b4d2611184	spring	d80ab850	dash	9ff48631	hello	_	_
0	0.002926	0.002861	0.000000	4176	b1946ac92492d2347c6235b4d2611184	spring	d80ab850	/home/andy/git/oilshell/oil/../benchmark-data/src/oil-native-0.9.4/_bin/osh_eval.opt.stripped	419ba42a	hello	_	_
0	0.016262	0.012170	0.004056	7040	b1946ac92492d2347c6235b4d2611184	spring	d80ab850	python	e809d907	hello	_	_
