status	elapsed_secs	user_secs	sys_secs	max_rss_KiB	stdout_md5sum	host_name	host_hash	runtime_name	runtime_hash	task_name	arg1	arg2
0	0.002030	0.000000	0.001998	3304	b1946ac92492d2347c6235b4d2611184	spring	d80ab850	bash	9af8f89f	hello	_	_
0	0.001114	0.001048	0.000000	1704	b1946ac92492d2347c6235b4d2611184	spring	d80ab850	dash	9ff48631	hello	_	_
0	0.002863	0.000000	0.002837	4084	b1946ac92492d2347c6235b4d2611184	spring	d80ab850	/home/andy/git/oilshell/oil/../benchmark-data/src/oil-native-0.9.2/_bin/osh_eval.opt.stripped	bbc52eb6	hello	_	_
0	0.014736	0.003675	0.011027	6988	b1946ac92492d2347c6235b4d2611184	spring	d80ab850	python	e809d907	hello	_	_
