status	elapsed_secs	user_secs	sys_secs	max_rss_KiB	stdout_md5sum	host_name	host_hash	runtime_name	runtime_hash	task_name	arg1	arg2
0	0.111390	0.111382	0.000000	3348	ddce9d5262dc4820e4e538b12a61f9d4	broome	d80ab850	bash	9af8f89f	fib	200	44
0	0.036645	0.036592	0.000000	1668	ddce9d5262dc4820e4e538b12a61f9d4	broome	d80ab850	dash	9ff48631	fib	200	44
0	0.174042	0.114709	0.059332	97548	ddce9d5262dc4820e4e538b12a61f9d4	broome	d80ab850	/home/andy/git/oilshell/oil/../benchmark-data/src/oil-native-0.9.2/_bin/osh_eval.opt.stripped	bbc52eb6	fib	200	44
0	0.014936	0.014875	0.000000	7188	ddce9d5262dc4820e4e538b12a61f9d4	broome	d80ab850	python	e809d907	fib	200	44
