status	elapsed_secs	user_secs	sys_secs	max_rss_KiB	stdout_md5sum	host_name	host_hash	runtime_name	runtime_hash	task_name	arg1	arg2
0	0.088356	0.088286	0.000000	3276	ddce9d5262dc4820e4e538b12a61f9d4	broome	7a69aabc	bash	9af8f89f	fib	200	44
0	0.039654	0.035629	0.003958	1648	ddce9d5262dc4820e4e538b12a61f9d4	broome	7a69aabc	dash	9ff48631	fib	200	44
0	0.448020	0.439985	0.007999	24640	ddce9d5262dc4820e4e538b12a61f9d4	broome	7a69aabc	/home/andy/git/oilshell/oil/../benchmark-data/src/oil-native-0.13.0/_bin/cxx-opt-sh/osh_eval.stripped	c692a621	fib	200	44
0	0.018198	0.009060	0.009060	7088	ddce9d5262dc4820e4e538b12a61f9d4	broome	7a69aabc	python2	e809d907	fib	200	44
