status	elapsed_secs	user_secs	sys_secs	max_rss_KiB	stdout_md5sum	host_name	host_hash	runtime_name	runtime_hash	task_name	arg1	arg2
0	0.107071	0.107007	0.000000	3248	ddce9d5262dc4820e4e538b12a61f9d4	broome	7a69aabc	bash	9af8f89f	fib	200	44
0	0.034739	0.034673	0.000000	1680	ddce9d5262dc4820e4e538b12a61f9d4	broome	7a69aabc	dash	9ff48631	fib	200	44
0	0.280702	0.280637	0.000000	8760	ddce9d5262dc4820e4e538b12a61f9d4	broome	7a69aabc	/home/andy/git/oilshell/oil/../benchmark-data/src/oils-for-unix-0.14.2/_bin/cxx-opt-sh/osh	7a6ca51a	fib	200	44
0	0.016641	0.016578	0.000000	7308	ddce9d5262dc4820e4e538b12a61f9d4	broome	7a69aabc	python2	e809d907	fib	200	44
