status	elapsed_secs	user_secs	sys_secs	max_rss_KiB	stdout_md5sum	host_name	host_hash	runtime_name	runtime_hash	task_name	arg1	arg2
0	0.097865	0.097843	0.000000	3348	ddce9d5262dc4820e4e538b12a61f9d4	broome	d80ab850	bash	9af8f89f	fib	200	44
0	0.039261	0.039245	0.000000	1724	ddce9d5262dc4820e4e538b12a61f9d4	broome	d80ab850	dash	9ff48631	fib	200	44
0	0.171768	0.147765	0.023961	99264	ddce9d5262dc4820e4e538b12a61f9d4	broome	d80ab850	/home/andy/git/oilshell/oil/../benchmark-data/src/oil-native-0.9.3/_bin/osh_eval.opt.stripped	145143a1	fib	200	44
0	0.018051	0.010811	0.007207	7116	ddce9d5262dc4820e4e538b12a61f9d4	broome	d80ab850	python	e809d907	fib	200	44
