status	elapsed_secs	user_secs	sys_secs	max_rss_KiB	stdout_md5sum	host_name	host_hash	runtime_name	runtime_hash	task_name	arg1	arg2
0	0.088739	0.084637	0.004030	3328	ddce9d5262dc4820e4e538b12a61f9d4	broome	8a85d07d	bash	9af8f89f	fib	200	44
0	0.038707	0.038640	0.000000	1760	ddce9d5262dc4820e4e538b12a61f9d4	broome	8a85d07d	dash	9ff48631	fib	200	44
0	0.232256	0.168128	0.064048	119612	ddce9d5262dc4820e4e538b12a61f9d4	broome	8a85d07d	/home/andy/git/oilshell/oil/../benchmark-data/src/oil-native-0.12.3/_bin/cxx-opt-sh/osh_eval.stripped	0d75ac5a	fib	200	44
0	0.018387	0.014658	0.003664	7260	ddce9d5262dc4820e4e538b12a61f9d4	broome	8a85d07d	python2	e809d907	fib	200	44
