status	elapsed_secs	user_secs	sys_secs	max_rss_KiB	stdout_md5sum	host_name	host_hash	runtime_name	runtime_hash	task_name	arg1	arg2
0	0.108695	0.108657	0.000000	3212	ddce9d5262dc4820e4e538b12a61f9d4	broome	7a69aabc	bash	9af8f89f	fib	200	44
0	0.040407	0.040341	0.000000	1756	ddce9d5262dc4820e4e538b12a61f9d4	broome	7a69aabc	dash	9ff48631	fib	200	44
0	0.233598	0.229541	0.004027	8172	ddce9d5262dc4820e4e538b12a61f9d4	broome	7a69aabc	/home/andy/git/oilshell/oil/../benchmark-data/src/oils-for-unix-0.15.0/_bin/cxx-opt-sh/osh	3c290bd3	fib	200	44
0	0.017187	0.017121	0.000000	7132	ddce9d5262dc4820e4e538b12a61f9d4	broome	7a69aabc	python2	e809d907	fib	200	44
