status	elapsed_secs	user_secs	sys_secs	max_rss_KiB	stdout_md5sum	host_name	host_hash	runtime_name	runtime_hash	task_name	arg1	arg2
0	0.111167	0.111100	0.000000	3244	ddce9d5262dc4820e4e538b12a61f9d4	broome	d80ab850	bash	9af8f89f	fib	200	44
0	0.039192	0.039109	0.000000	1668	ddce9d5262dc4820e4e538b12a61f9d4	broome	d80ab850	dash	9ff48631	fib	200	44
0	0.174335	0.134653	0.039603	100240	ddce9d5262dc4820e4e538b12a61f9d4	broome	d80ab850	/home/andy/git/oilshell/oil/../benchmark-data/src/oil-native-0.10.1/_bin/cxx-opt-sh/osh_eval.stripped	cfec8796	fib	200	44
0	0.018358	0.013708	0.004569	7200	ddce9d5262dc4820e4e538b12a61f9d4	broome	d80ab850	python2	e809d907	fib	200	44
