status	elapsed_secs	user_secs	sys_secs	max_rss_KiB	stdout_md5sum	host_name	host_hash	runtime_name	runtime_hash	task_name	arg1	arg2
0	0.109911	0.105807	0.004069	3372	ddce9d5262dc4820e4e538b12a61f9d4	broome	d80ab850	bash	9af8f89f	fib	200	44
0	0.040675	0.040677	0.000000	1664	ddce9d5262dc4820e4e538b12a61f9d4	broome	d80ab850	dash	9ff48631	fib	200	44
0	0.178983	0.139178	0.039765	100140	ddce9d5262dc4820e4e538b12a61f9d4	broome	d80ab850	/home/andy/git/oilshell/oil/../benchmark-data/src/oil-native-0.9.8/_bin/osh_eval.opt.stripped	7648d105	fib	200	44
0	0.017343	0.012985	0.004328	7232	ddce9d5262dc4820e4e538b12a61f9d4	broome	d80ab850	python2	e809d907	fib	200	44
