status	elapsed_secs	user_secs	sys_secs	max_rss_KiB	stdout_md5sum	host_name	host_hash	runtime_name	runtime_hash	task_name	arg1	arg2
0	0.115748	0.111723	0.003990	3352	ddce9d5262dc4820e4e538b12a61f9d4	broome	8a85d07d	bash	9af8f89f	fib	200	44
0	0.039033	0.035101	0.003900	1736	ddce9d5262dc4820e4e538b12a61f9d4	broome	8a85d07d	dash	9ff48631	fib	200	44
0	0.727376	0.419604	0.307710	663452	ddce9d5262dc4820e4e538b12a61f9d4	broome	8a85d07d	/home/andy/git/oilshell/oil/../benchmark-data/src/oil-native-0.12.9/_bin/cxx-opt-sh/osh_eval.stripped	b4a35663	fib	200	44
0	0.019340	0.015475	0.003868	7080	ddce9d5262dc4820e4e538b12a61f9d4	broome	8a85d07d	python2	e809d907	fib	200	44
