status	elapsed_secs	user_secs	sys_secs	max_rss_KiB	stdout_md5sum	host_name	host_hash	runtime_name	runtime_hash	task_name	arg1	arg2
0	0.108937	0.108905	0.000000	3176	ddce9d5262dc4820e4e538b12a61f9d4	broome	d80ab850	bash	9af8f89f	fib	200	44
0	0.038319	0.038286	0.000000	1684	ddce9d5262dc4820e4e538b12a61f9d4	broome	d80ab850	dash	9ff48631	fib	200	44
0	0.171798	0.127846	0.043947	100140	ddce9d5262dc4820e4e538b12a61f9d4	broome	d80ab850	/home/andy/git/oilshell/oil/../benchmark-data/src/oil-native-0.9.9/_bin/osh_eval.opt.stripped	8dd083f0	fib	200	44
0	0.016854	0.013484	0.003371	7080	ddce9d5262dc4820e4e538b12a61f9d4	broome	d80ab850	python2	e809d907	fib	200	44
