status	elapsed_secs	user_secs	sys_secs	max_rss_KiB	stdout_md5sum	host_name	host_hash	runtime_name	runtime_hash	task_name	arg1	arg2
0	0.111942	0.107914	0.003996	3280	ddce9d5262dc4820e4e538b12a61f9d4	broome	8a85d07d	bash	9af8f89f	fib	200	44
0	0.034552	0.034472	0.000000	1644	ddce9d5262dc4820e4e538b12a61f9d4	broome	8a85d07d	dash	9ff48631	fib	200	44
0	0.472139	0.388033	0.084007	150640	ddce9d5262dc4820e4e538b12a61f9d4	broome	8a85d07d	/home/andy/git/oilshell/oil/../benchmark-data/src/oil-native-0.12.7/_bin/cxx-opt-sh/osh_eval.stripped	15aebd46	fib	200	44
0	0.017512	0.017447	0.000000	7196	ddce9d5262dc4820e4e538b12a61f9d4	broome	8a85d07d	python2	e809d907	fib	200	44
