status	elapsed_secs	user_secs	sys_secs	max_rss_KiB	stdout_md5sum	host_name	host_hash	runtime_name	runtime_hash	task_name	arg1	arg2
0	0.100168	0.095437	0.003976	3184	ddce9d5262dc4820e4e538b12a61f9d4	broome	d80ab850	bash	9af8f89f	fib	200	44
0	0.038883	0.038816	0.000000	1664	ddce9d5262dc4820e4e538b12a61f9d4	broome	d80ab850	dash	9ff48631	fib	200	44
0	0.173396	0.124947	0.048366	100108	ddce9d5262dc4820e4e538b12a61f9d4	broome	d80ab850	/home/andy/git/oilshell/oil/../benchmark-data/src/oil-native-0.11.0/_bin/cxx-opt-sh/osh_eval.stripped	14996860	fib	200	44
0	0.018420	0.017654	0.000000	7132	ddce9d5262dc4820e4e538b12a61f9d4	broome	d80ab850	python2	e809d907	fib	200	44
