status	elapsed_secs	user_secs	sys_secs	max_rss_KiB	stdout_md5sum	host_name	host_hash	runtime_name	runtime_hash	task_name	arg1	arg2
0	0.133081	0.129080	0.003911	3328	ddce9d5262dc4820e4e538b12a61f9d4	broome	8a85d07d	bash	9af8f89f	fib	200	44
0	0.039832	0.039799	0.000000	1736	ddce9d5262dc4820e4e538b12a61f9d4	broome	8a85d07d	dash	9ff48631	fib	200	44
0	1.499949	1.391857	0.107988	245160	ddce9d5262dc4820e4e538b12a61f9d4	broome	8a85d07d	/home/andy/git/oilshell/oil/../benchmark-data/src/oil-native-0.12.6/_bin/cxx-opt-sh/osh_eval.stripped	850fa8be	fib	200	44
0	0.018506	0.018466	0.000000	7200	ddce9d5262dc4820e4e538b12a61f9d4	broome	8a85d07d	python2	e809d907	fib	200	44
