status	elapsed_secs	user_secs	sys_secs	max_rss_KiB	stdout_md5sum	host_name	host_hash	runtime_name	runtime_hash	task_name	arg1	arg2
0	0.104297	0.103524	0.000000	3264	ddce9d5262dc4820e4e538b12a61f9d4	broome	76a68468	bash	9af8f89f	fib	200	44
0	0.040013	0.035984	0.003998	1692	ddce9d5262dc4820e4e538b12a61f9d4	broome	76a68468	dash	9ff48631	fib	200	44
0	0.248447	0.244438	0.004007	7804	ddce9d5262dc4820e4e538b12a61f9d4	broome	76a68468	/home/andy/git/oilshell/oil/../benchmark-data/src/oils-for-unix-0.16.0/_bin/cxx-opt-sh/osh	f03c4b44	fib	200	44
0	0.018093	0.010429	0.006953	7124	ddce9d5262dc4820e4e538b12a61f9d4	broome	76a68468	python2	e809d907	fib	200	44
