status	elapsed_secs	user_secs	sys_secs	max_rss_KiB	stdout_md5sum	host_name	host_hash	runtime_name	runtime_hash	task_name	arg1	arg2
0	0.111432	0.111398	0.000000	3208	ddce9d5262dc4820e4e538b12a61f9d4	broome	d80ab850	bash	9af8f89f	fib	200	44
0	0.036853	0.036818	0.000000	1752	ddce9d5262dc4820e4e538b12a61f9d4	broome	d80ab850	dash	9ff48631	fib	200	44
0	0.174358	0.129744	0.044599	99116	ddce9d5262dc4820e4e538b12a61f9d4	broome	d80ab850	/home/andy/git/oilshell/oil/../benchmark-data/src/oil-native-0.9.4/_bin/osh_eval.opt.stripped	419ba42a	fib	200	44
0	0.015460	0.015432	0.000000	7204	ddce9d5262dc4820e4e538b12a61f9d4	broome	d80ab850	python	e809d907	fib	200	44
