status	elapsed_secs	user_secs	sys_secs	max_rss_KiB	stdout_md5sum	host_name	host_hash	runtime_name	runtime_hash	task_name	arg1	arg2
0	0.109330	0.109296	0.000000	3284	ddce9d5262dc4820e4e538b12a61f9d4	broome	d80ab850	bash	9af8f89f	fib	200	44
0	0.038714	0.038715	0.000000	1652	ddce9d5262dc4820e4e538b12a61f9d4	broome	d80ab850	dash	9ff48631	fib	200	44
0	0.174616	0.133976	0.040598	97400	ddce9d5262dc4820e4e538b12a61f9d4	broome	d80ab850	/home/andy/git/oilshell/oil/../benchmark-data/src/oil-native-0.9.1/_bin/osh_eval.opt.stripped	b0ca4fa9	fib	200	44
0	0.017646	0.013246	0.004415	7100	ddce9d5262dc4820e4e538b12a61f9d4	broome	d80ab850	python	e809d907	fib	200	44
