status	elapsed_secs	user_secs	sys_secs	max_rss_KiB	stdout_md5sum	host_name	host_hash	runtime_name	runtime_hash	task_name	arg1	arg2
0	0.109391	0.105415	0.003904	3368	ddce9d5262dc4820e4e538b12a61f9d4	broome	7a69aabc	bash	9af8f89f	fib	200	44
0	0.041469	0.041401	0.000000	1728	ddce9d5262dc4820e4e538b12a61f9d4	broome	7a69aabc	dash	9ff48631	fib	200	44
0	0.444023	0.431949	0.011998	24976	ddce9d5262dc4820e4e538b12a61f9d4	broome	7a69aabc	/home/andy/git/oilshell/oil/../benchmark-data/src/oil-native-0.13.1/_bin/cxx-opt-sh/osh_eval.stripped	30cde83a	fib	200	44
0	0.016982	0.016922	0.000000	7248	ddce9d5262dc4820e4e538b12a61f9d4	broome	7a69aabc	python2	e809d907	fib	200	44
