status	elapsed_secs	user_secs	sys_secs	max_rss_KiB	stdout_md5sum	host_name	host_hash	runtime_name	runtime_hash	task_name	arg1	arg2
0	0.107467	0.106695	0.000000	3312	ddce9d5262dc4820e4e538b12a61f9d4	broome	8a85d07d	bash	9af8f89f	fib	200	44
0	0.047776	0.047703	0.000000	1736	ddce9d5262dc4820e4e538b12a61f9d4	broome	8a85d07d	dash	9ff48631	fib	200	44
0	0.135631	0.090388	0.045194	99776	ddce9d5262dc4820e4e538b12a61f9d4	broome	8a85d07d	/home/andy/git/oilshell/oil/../benchmark-data/src/oil-native-0.12.0/_bin/cxx-opt-sh/osh_eval.stripped	9982fcac	fib	200	44
0	0.015899	0.011324	0.003774	7200	ddce9d5262dc4820e4e538b12a61f9d4	broome	8a85d07d	python2	e809d907	fib	200	44
