status	elapsed_secs	user_secs	sys_secs	max_rss_KiB	stdout_md5sum	host_name	host_hash	runtime_name	runtime_hash	task_name	arg1	arg2
0	0.120752	0.120712	0.000000	3340	ddce9d5262dc4820e4e538b12a61f9d4	broome	7a69aabc	bash	9af8f89f	fib	200	44
0	0.040621	0.036499	0.004055	1664	ddce9d5262dc4820e4e538b12a61f9d4	broome	7a69aabc	dash	9ff48631	fib	200	44
0	0.363765	0.351656	0.011988	16964	ddce9d5262dc4820e4e538b12a61f9d4	broome	7a69aabc	/home/andy/git/oilshell/oil/../benchmark-data/src/oils-for-unix-0.14.1/_bin/cxx-opt-sh/osh	384afe75	fib	200	44
0	0.017322	0.017259	0.000000	7196	ddce9d5262dc4820e4e538b12a61f9d4	broome	7a69aabc	python2	e809d907	fib	200	44
