status	elapsed_secs	user_secs	sys_secs	max_rss_KiB	stdout_md5sum	host_name	host_hash	runtime_name	runtime_hash	task_name	arg1	arg2
0	0.3085	0.29683	0.010391	6004	ddce9d5262dc4820e4e538b12a61f9d4	flanders	1f35df1a	bash	d685a43c	fib	200	44
0	0.0816	0.075936	0.005582999999999999	6052	ddce9d5262dc4820e4e538b12a61f9d4	flanders	1f35df1a	dash	2887d9e6	fib	200	44
0	0.2543	0.19447299999999998	0.059604	96532	ddce9d5262dc4820e4e538b12a61f9d4	flanders	1f35df1a	/home/andy/git/oilshell/oil/../benchmark-data/src/oil-native-0.8.4/_bin/osh_eval.opt.stripped	d8c4bb51	fib	200	44
0	0.0406	0.022344	0.017963	6676	ddce9d5262dc4820e4e538b12a61f9d4	flanders	1f35df1a	python	e4b9f5ce	fib	200	44
