status	elapsed_secs	user_secs	sys_secs	max_rss_KiB	stdout_md5sum	host_name	host_hash	runtime_name	runtime_hash	task_name	arg1	arg2
0	0.245708	0.241554	0.003959	3008	ddce9d5262dc4820e4e538b12a61f9d4	flanders	63f04b74	bash	d685a43c	fib	200	44
0	0.055328	0.055308	0.000000	1680	ddce9d5262dc4820e4e538b12a61f9d4	flanders	63f04b74	dash	2887d9e6	fib	200	44
0	0.297076	0.249527	0.047529	97316	ddce9d5262dc4820e4e538b12a61f9d4	flanders	63f04b74	/home/andy/git/oilshell/oil/../benchmark-data/src/oil-native-0.9.0/_bin/osh_eval.opt.stripped	e3fbcc0d	fib	200	44
0	0.022950	0.013963	0.006981	6756	ddce9d5262dc4820e4e538b12a61f9d4	flanders	63f04b74	python	e4b9f5ce	fib	200	44
