status	elapsed_secs	user_secs	sys_secs	max_rss_KiB	stdout_md5sum	host_name	host_hash	runtime_name	runtime_hash	task_name	arg1	arg2
0	0.2307	0.2233	0.007421	6012	ddce9d5262dc4820e4e538b12a61f9d4	flanders	1f35df1a	bash	d685a43c	fib	200	44
0	0.0689	0.068796	0.0	6008	ddce9d5262dc4820e4e538b12a61f9d4	flanders	1f35df1a	dash	2887d9e6	fib	200	44
0	0.1947	0.147994	0.046584999999999994	96588	ddce9d5262dc4820e4e538b12a61f9d4	flanders	1f35df1a	/home/andy/git/oilshell/oil/../benchmark-data/src/oil-native-0.8.3/_bin/osh_eval.opt.stripped	d335486a	fib	200	44
0	0.0392	0.035997999999999995	0.0030819999999999997	6676	ddce9d5262dc4820e4e538b12a61f9d4	flanders	1f35df1a	python	e4b9f5ce	fib	200	44
