status	elapsed_secs	user_secs	sys_secs	max_rss_KiB	stdout_md5sum	host_name	host_hash	runtime_name	runtime_hash	task_name	arg1	arg2
0	0.195441	0.195230	0.000000	2956	ddce9d5262dc4820e4e538b12a61f9d4	flanders	63f04b74	bash	d685a43c	fib	200	44
0	0.054244	0.054189	0.000000	1752	ddce9d5262dc4820e4e538b12a61f9d4	flanders	63f04b74	dash	2887d9e6	fib	200	44
0	0.233327	0.193757	0.039542	96596	ddce9d5262dc4820e4e538b12a61f9d4	flanders	63f04b74	/home/andy/git/oilshell/oil/../benchmark-data/src/oil-native-0.8.10/_bin/osh_eval.opt.stripped	c6b7a640	fib	200	44
0	0.022928	0.020864	0.000000	6648	ddce9d5262dc4820e4e538b12a61f9d4	flanders	63f04b74	python	e4b9f5ce	fib	200	44
