status	elapsed_secs	user_secs	sys_secs	max_rss_KiB	stdout_md5sum	host_name	host_hash	runtime_name	runtime_hash	task_name	arg1	arg2
0	0.2609	0.25065499999999996	0.010188	6148	ddce9d5262dc4820e4e538b12a61f9d4	flanders	889e300d	bash	d685a43c	fib	200	44
0	0.0777	0.077642	0.0	6084	ddce9d5262dc4820e4e538b12a61f9d4	flanders	889e300d	dash	2887d9e6	fib	200	44
0	0.1686	0.113605	0.054974999999999996	69496	ddce9d5262dc4820e4e538b12a61f9d4	flanders	889e300d	/home/andy/git/oilshell/oil/../benchmark-data/src/oil-native-0.8.1/_bin/osh_eval.opt.stripped	81acfae2	fib	200	44
0	0.0381	0.030555	0.00743	6684	ddce9d5262dc4820e4e538b12a61f9d4	flanders	889e300d	python	e4b9f5ce	fib	200	44
