status	elapsed_secs	user_secs	sys_secs	max_rss_KiB	stdout_md5sum	host_name	host_hash	runtime_name	runtime_hash	task_name	arg1	arg2
0	0.316449	0.308396	0.008010	3000	ddce9d5262dc4820e4e538b12a61f9d4	flanders	9d0956ac	bash	d685a43c	fib	200	44
0	0.072057	0.072033	0.000000	1772	ddce9d5262dc4820e4e538b12a61f9d4	flanders	9d0956ac	dash	2887d9e6	fib	200	44
0	0.374333	0.309905	0.064395	96584	ddce9d5262dc4820e4e538b12a61f9d4	flanders	9d0956ac	/home/andy/git/oilshell/oil/../benchmark-data/src/oil-native-0.8.6/_bin/osh_eval.opt.stripped	ebeb7305	fib	200	44
0	0.027404	0.022812	0.004562	6772	ddce9d5262dc4820e4e538b12a61f9d4	flanders	9d0956ac	python	e4b9f5ce	fib	200	44
