status	elapsed_secs	user_secs	sys_secs	max_rss_KiB	stdout_md5sum	host_name	host_hash	runtime_name	runtime_hash	task_name	arg1	arg2
0	0.336308	0.331973	0.003999	3056	ddce9d5262dc4820e4e538b12a61f9d4	flanders	63f04b74	bash	d685a43c	fib	200	44
0	0.071212	0.071149	0.000000	1580	ddce9d5262dc4820e4e538b12a61f9d4	flanders	63f04b74	dash	2887d9e6	fib	200	44
0	0.371907	0.299901	0.071976	96652	ddce9d5262dc4820e4e538b12a61f9d4	flanders	63f04b74	/home/andy/git/oilshell/oil/../benchmark-data/src/oil-native-0.8.11/_bin/osh_eval.opt.stripped	f952c68a	fib	200	44
0	0.028126	0.017422	0.008711	6756	ddce9d5262dc4820e4e538b12a61f9d4	flanders	63f04b74	python	e4b9f5ce	fib	200	44
