status	elapsed_secs	user_secs	sys_secs	max_rss_KiB	stdout_md5sum	host_name	host_hash	runtime_name	runtime_hash	task_name	arg1	arg2
0	0.047224	0.043190	0.003926	3372	ddce9d5262dc4820e4e538b12a61f9d4	hoover	94601b4f	bash	0d42a1ee	fib	200	44
0	0.014073	0.013963	0.000000	1636	ddce9d5262dc4820e4e538b12a61f9d4	hoover	94601b4f	dash	d40a0412	fib	200	44
0	0.083538	0.075500	0.007947	8208	ddce9d5262dc4820e4e538b12a61f9d4	hoover	94601b4f	/home/andy/git/oilshell/oil/../benchmark-data/src/oils-for-unix-0.17.0/_bin/cxx-opt-sh/osh	62fcdfac	fib	200	44
0	0.005831	0.000000	0.005765	6460	ddce9d5262dc4820e4e538b12a61f9d4	hoover	94601b4f	python2	e2e2dfb7	fib	200	44
