status	elapsed_secs	user_secs	sys_secs	max_rss_KiB	stdout_md5sum	host_name	host_hash	runtime_name	runtime_hash	task_name	arg1	arg2
0	0.064039	0.063990	0.000000	3304	ddce9d5262dc4820e4e538b12a61f9d4	lenny	6933449d	bash	9af8f89f	fib	200	44
0	0.017357	0.017325	0.000000	1724	ddce9d5262dc4820e4e538b12a61f9d4	lenny	6933449d	dash	9ff48631	fib	200	44
0	0.092971	0.072731	0.020203	100116	ddce9d5262dc4820e4e538b12a61f9d4	lenny	6933449d	/home/andy/git/oilshell/oil/../benchmark-data/src/oil-native-0.11.0/_bin/cxx-opt-sh/osh_eval.stripped	14996860	fib	200	44
0	0.006489	0.003228	0.003228	7148	ddce9d5262dc4820e4e538b12a61f9d4	lenny	6933449d	python2	e809d907	fib	200	44
