status	elapsed_secs	user_secs	sys_secs	max_rss_KiB	stdout_md5sum	host_name	host_hash	runtime_name	runtime_hash	task_name	arg1	arg2
0	0.067292	0.067281	0.000000	3388	ddce9d5262dc4820e4e538b12a61f9d4	lenny	3063f657	bash	9af8f89f	fib	200	44
0	0.017529	0.017491	0.000000	1672	ddce9d5262dc4820e4e538b12a61f9d4	lenny	3063f657	dash	9ff48631	fib	200	44
0	0.375198	0.371080	0.004033	24568	ddce9d5262dc4820e4e538b12a61f9d4	lenny	3063f657	/home/andy/git/oilshell/oil/../benchmark-data/src/oil-native-0.13.0/_bin/cxx-opt-sh/osh_eval.stripped	601113b9	fib	200	44
0	0.006754	0.006715	0.000000	7088	ddce9d5262dc4820e4e538b12a61f9d4	lenny	3063f657	python2	e809d907	fib	200	44
