status	elapsed_secs	user_secs	sys_secs	max_rss_KiB	stdout_md5sum	host_name	host_hash	runtime_name	runtime_hash	task_name	arg1	arg2
0	0.073279	0.073223	0.000000	3304	ddce9d5262dc4820e4e538b12a61f9d4	lenny	5570ba51	bash	9af8f89f	fib	200	44
0	0.020220	0.020188	0.000000	1652	ddce9d5262dc4820e4e538b12a61f9d4	lenny	5570ba51	dash	9ff48631	fib	200	44
0	0.193099	0.189106	0.003939	8048	ddce9d5262dc4820e4e538b12a61f9d4	lenny	5570ba51	/home/andy/git/oilshell/oil/../benchmark-data/src/oils-for-unix-0.15.0/_bin/cxx-opt-sh/osh	ba89773c	fib	200	44
0	0.007152	0.003549	0.003549	7340	ddce9d5262dc4820e4e538b12a61f9d4	lenny	5570ba51	python2	e809d907	fib	200	44
