status	elapsed_secs	user_secs	sys_secs	max_rss_KiB	stdout_md5sum	host_name	host_hash	runtime_name	runtime_hash	task_name	arg1	arg2
0	0.067128	0.067090	0.000000	3352	ddce9d5262dc4820e4e538b12a61f9d4	lenny	5570ba51	bash	9af8f89f	fib	200	44
0	0.019244	0.019205	0.000000	1704	ddce9d5262dc4820e4e538b12a61f9d4	lenny	5570ba51	dash	9ff48631	fib	200	44
0	0.189240	0.185173	0.004025	8184	ddce9d5262dc4820e4e538b12a61f9d4	lenny	5570ba51	/home/andy/git/oilshell/oil/../benchmark-data/src/oils-for-unix-0.15.0/_bin/cxx-opt-sh/osh	3c290bd3	fib	200	44
0	0.006937	0.006900	0.000000	7320	ddce9d5262dc4820e4e538b12a61f9d4	lenny	5570ba51	python2	e809d907	fib	200	44
