status	elapsed_secs	user_secs	sys_secs	max_rss_KiB	stdout_md5sum	host_name	host_hash	runtime_name	runtime_hash	task_name	arg1	arg2
0	0.064363	0.064334	0.000000	3348	ddce9d5262dc4820e4e538b12a61f9d4	lenny	6933449d	bash	9af8f89f	fib	200	44
0	0.017317	0.013829	0.003457	1644	ddce9d5262dc4820e4e538b12a61f9d4	lenny	6933449d	dash	9ff48631	fib	200	44
0	0.006414	0.006381	0.000000	7200	ddce9d5262dc4820e4e538b12a61f9d4	lenny	6933449d	python2	e809d907	fib	200	44
