status	elapsed_secs	user_secs	sys_secs	max_rss_KiB	stdout_md5sum	host_name	host_hash	runtime_name	runtime_hash	task_name	arg1	arg2	stdout_filename
0	0.055895	0.055859	0.000000	2836	ddce9d5262dc4820e4e538b12a61f9d4	lenny	098a8e52	bash	9af8f89f	fib	200	44	stdout-bash-200-44.txt
0	0.017750	0.017715	0.000000	1724	ddce9d5262dc4820e4e538b12a61f9d4	lenny	098a8e52	dash	9ff48631	fib	200	44	stdout-dash-200-44.txt
0	0.111183	0.111146	0.000000	7536	ddce9d5262dc4820e4e538b12a61f9d4	lenny	098a8e52	/home/andy/git/oilshell/oil/../benchmark-data/src/oils-for-unix-0.17.0/_bin/cxx-opt-sh/osh	604781ae	fib	200	44	stdout-osh-200-44.txt
0	0.006500	0.003226	0.003226	6956	ddce9d5262dc4820e4e538b12a61f9d4	lenny	098a8e52	python2	e809d907	fib	200	44	stdout-py-200-44.txt
