status	elapsed_secs	user_secs	sys_secs	max_rss_KiB	stdout_md5sum	host_name	host_hash	runtime_name	runtime_hash	task_name	arg1	arg2
0	0.060904	0.060871	0.000000	3384	ddce9d5262dc4820e4e538b12a61f9d4	lenny	c6bbd9ee	bash	9af8f89f	fib	200	44
0	0.017341	0.017310	0.000000	1668	ddce9d5262dc4820e4e538b12a61f9d4	lenny	c6bbd9ee	dash	9ff48631	fib	200	44
0	0.573537	0.368950	0.204527	661732	ddce9d5262dc4820e4e538b12a61f9d4	lenny	c6bbd9ee	/home/andy/git/oilshell/oil/../benchmark-data/src/oil-native-0.12.8/_bin/cxx-opt-sh/osh_eval.stripped	c80177d1	fib	200	44
0	0.007497	0.007469	0.000000	7208	ddce9d5262dc4820e4e538b12a61f9d4	lenny	c6bbd9ee	python2	e809d907	fib	200	44
