status	elapsed_secs	user_secs	sys_secs	max_rss_KiB	stdout_md5sum	host_name	host_hash	runtime_name	runtime_hash	task_name	arg1	arg2
0	0.063819	0.063787	0.000000	3256	ddce9d5262dc4820e4e538b12a61f9d4	lenny	6933449d	bash	9af8f89f	fib	200	44
0	0.017132	0.017098	0.000000	1652	ddce9d5262dc4820e4e538b12a61f9d4	lenny	6933449d	dash	9ff48631	fib	200	44
0	0.096464	0.072313	0.024104	100192	ddce9d5262dc4820e4e538b12a61f9d4	lenny	6933449d	/home/andy/git/oilshell/oil/../benchmark-data/src/oil-native-0.10.1/_bin/cxx-opt-sh/osh_eval.stripped	cfec8796	fib	200	44
0	0.006543	0.000000	0.006452	7136	ddce9d5262dc4820e4e538b12a61f9d4	lenny	6933449d	python2	e809d907	fib	200	44
