status	elapsed_secs	user_secs	sys_secs	max_rss_KiB	stdout_md5sum	host_name	host_hash	runtime_name	runtime_hash	task_name	arg1	arg2	stdout_filename
0	0.066076	0.066041	0.000000	2888	ddce9d5262dc4820e4e538b12a61f9d4	lenny	098a8e52	bash	9af8f89f	fib	200	44	stdout-bash-200-44.txt
0	0.020165	0.020129	0.000000	1680	ddce9d5262dc4820e4e538b12a61f9d4	lenny	098a8e52	dash	9ff48631	fib	200	44	stdout-dash-200-44.txt
0	0.083416	0.079396	0.003969	7476	ddce9d5262dc4820e4e538b12a61f9d4	lenny	098a8e52	/home/andy/git/oilshell/oil/../benchmark-data/src/oils-for-unix-0.19.0/_bin/cxx-opt-sh/osh	864c7127	fib	200	44	stdout-osh-200-44.txt
0	0.007084	0.007047	0.000000	6908	ddce9d5262dc4820e4e538b12a61f9d4	lenny	098a8e52	python2	e809d907	fib	200	44	stdout-py-200-44.txt
