status	elapsed_secs	user_secs	sys_secs	max_rss_KiB	stdout_md5sum	host_name	host_hash	runtime_name	runtime_hash	task_name	arg1	arg2	stdout_filename
0	0.062508	0.062471	0.000000	2848	ddce9d5262dc4820e4e538b12a61f9d4	lenny	098a8e52	bash	9af8f89f	fib	200	44	stdout-bash-200-44.txt
0	0.017872	0.017834	0.000000	1716	ddce9d5262dc4820e4e538b12a61f9d4	lenny	098a8e52	dash	9ff48631	fib	200	44	stdout-dash-200-44.txt
0	0.076585	0.076547	0.000000	7564	ddce9d5262dc4820e4e538b12a61f9d4	lenny	098a8e52	/home/andy/git/oilshell/oil/../benchmark-data/src/oils-for-unix-0.19.0/_bin/cxx-opt-sh/osh	1e171733	fib	200	44	stdout-osh-200-44.txt
0	0.006782	0.006743	0.000000	6880	ddce9d5262dc4820e4e538b12a61f9d4	lenny	098a8e52	python2	e809d907	fib	200	44	stdout-py-200-44.txt
