status	elapsed_secs	user_secs	sys_secs	max_rss_KiB	stdout_md5sum	host_name	host_hash	runtime_name	runtime_hash	task_name	arg1	arg2
0	0.072590	0.068514	0.004030	3352	ddce9d5262dc4820e4e538b12a61f9d4	lenny	76afa3e0	bash	9af8f89f	fib	200	44
0	0.019462	0.015542	0.003885	1652	ddce9d5262dc4820e4e538b12a61f9d4	lenny	76afa3e0	dash	9ff48631	fib	200	44
0	0.309841	0.305370	0.003965	17008	ddce9d5262dc4820e4e538b12a61f9d4	lenny	76afa3e0	/home/andy/git/oilshell/oil/../benchmark-data/src/oils-for-unix-0.14.1/_bin/cxx-opt-sh/osh	384afe75	fib	200	44
0	0.007669	0.007641	0.000000	7304	ddce9d5262dc4820e4e538b12a61f9d4	lenny	76afa3e0	python2	e809d907	fib	200	44
