status	elapsed_secs	user_secs	sys_secs	max_rss_KiB	stdout_md5sum	host_name	host_hash	runtime_name	runtime_hash	task_name	arg1	arg2
0	0.067020	0.066981	0.000000	3304	ddce9d5262dc4820e4e538b12a61f9d4	lenny	ec64f10b	bash	9af8f89f	fib	200	44
0	0.020172	0.020114	0.000000	1640	ddce9d5262dc4820e4e538b12a61f9d4	lenny	ec64f10b	dash	9ff48631	fib	200	44
0	0.089521	0.048805	0.040671	100128	ddce9d5262dc4820e4e538b12a61f9d4	lenny	ec64f10b	/home/andy/git/oilshell/oil/../benchmark-data/src/oil-native-0.9.8/_bin/osh_eval.opt.stripped	7648d105	fib	200	44
0	0.006728	0.006698	0.000000	7216	ddce9d5262dc4820e4e538b12a61f9d4	lenny	ec64f10b	python2	e809d907	fib	200	44
