status	elapsed_secs	user_secs	sys_secs	max_rss_KiB	stdout_md5sum	host_name	host_hash	runtime_name	runtime_hash	task_name	arg1	arg2
0	0.076886	0.072466	0.003814	3348	ddce9d5262dc4820e4e538b12a61f9d4	lenny	098a8e52	bash	9af8f89f	fib	200	44
0	0.020181	0.020145	0.000000	1672	ddce9d5262dc4820e4e538b12a61f9d4	lenny	098a8e52	dash	9ff48631	fib	200	44
0	0.206554	0.206516	0.000000	7864	ddce9d5262dc4820e4e538b12a61f9d4	lenny	098a8e52	/home/andy/git/oilshell/oil/../benchmark-data/src/oils-for-unix-0.16.0/_bin/cxx-opt-sh/osh	f03c4b44	fib	200	44
0	0.007690	0.003827	0.003827	7248	ddce9d5262dc4820e4e538b12a61f9d4	lenny	098a8e52	python2	e809d907	fib	200	44
