status	elapsed_secs	user_secs	sys_secs	max_rss_KiB	stdout_md5sum	host_name	host_hash	runtime_name	runtime_hash	task_name	arg1	arg2
0	0.069259	0.069202	0.000000	3184	ddce9d5262dc4820e4e538b12a61f9d4	lenny	3063f657	bash	9af8f89f	fib	200	44
0	0.017864	0.017842	0.000000	1732	ddce9d5262dc4820e4e538b12a61f9d4	lenny	3063f657	dash	9ff48631	fib	200	44
0	0.407166	0.403136	0.003991	25020	ddce9d5262dc4820e4e538b12a61f9d4	lenny	3063f657	/home/andy/git/oilshell/oil/../benchmark-data/src/oil-native-0.13.1/_bin/cxx-opt-sh/osh_eval.stripped	30cde83a	fib	200	44
0	0.006872	0.006836	0.000000	7200	ddce9d5262dc4820e4e538b12a61f9d4	lenny	3063f657	python2	e809d907	fib	200	44
