status	elapsed_secs	user_secs	sys_secs	max_rss_KiB	stdout_md5sum	host_name	host_hash	runtime_name	runtime_hash	task_name	arg1	arg2
0	0.060856	0.060810	0.000000	3396	ddce9d5262dc4820e4e538b12a61f9d4	lenny	76afa3e0	bash	9af8f89f	fib	200	44
0	0.017537	0.017502	0.000000	1676	ddce9d5262dc4820e4e538b12a61f9d4	lenny	76afa3e0	dash	9ff48631	fib	200	44
0	0.299886	0.291850	0.007995	27176	ddce9d5262dc4820e4e538b12a61f9d4	lenny	76afa3e0	/home/andy/git/oilshell/oil/../benchmark-data/src/oils-for-unix-0.14.0/_bin/cxx-opt-sh/osh	f7cd6d82	fib	200	44
0	0.006830	0.003397	0.003397	7300	ddce9d5262dc4820e4e538b12a61f9d4	lenny	76afa3e0	python2	e809d907	fib	200	44
