status	elapsed_secs	user_secs	sys_secs	max_rss_KiB	stdout_md5sum	host_name	host_hash	runtime_name	runtime_hash	task_name	arg1	arg2
0	0.062656	0.062618	0.000000	3284	ddce9d5262dc4820e4e538b12a61f9d4	lenny	23f35694	bash	9af8f89f	fib	200	44
0	0.017284	0.017197	0.000000	1716	ddce9d5262dc4820e4e538b12a61f9d4	lenny	23f35694	dash	9ff48631	fib	200	44
0	0.131221	0.107325	0.023850	119776	ddce9d5262dc4820e4e538b12a61f9d4	lenny	23f35694	/home/andy/git/oilshell/oil/../benchmark-data/src/oil-native-0.12.3/_bin/cxx-opt-sh/osh_eval.stripped	0d75ac5a	fib	200	44
0	0.006757	0.006702	0.000000	7196	ddce9d5262dc4820e4e538b12a61f9d4	lenny	23f35694	python2	e809d907	fib	200	44
