status	elapsed_secs	user_secs	sys_secs	max_rss_KiB	stdout_md5sum	host_name	host_hash	runtime_name	runtime_hash	task_name	arg1	arg2
0	0.078862	0.078619	0.000000	3372	ddce9d5262dc4820e4e538b12a61f9d4	lenny	b7f988ad	bash	9af8f89f	fib	200	44
0	0.017161	0.017129	0.000000	1688	ddce9d5262dc4820e4e538b12a61f9d4	lenny	b7f988ad	dash	9ff48631	fib	200	44
0	1.531219	1.442952	0.088180	245076	ddce9d5262dc4820e4e538b12a61f9d4	lenny	b7f988ad	/home/andy/git/oilshell/oil/../benchmark-data/src/oil-native-0.12.6/_bin/cxx-opt-sh/osh_eval.stripped	850fa8be	fib	200	44
0	0.021150	0.008321	0.002773	7280	ddce9d5262dc4820e4e538b12a61f9d4	lenny	b7f988ad	python2	e809d907	fib	200	44
