status	elapsed_secs	user_secs	sys_secs	max_rss_KiB	stdout_md5sum	host_name	host_hash	runtime_name	runtime_hash	task_name	arg1	arg2
0	0.060875	0.060840	0.000000	3220	ddce9d5262dc4820e4e538b12a61f9d4	lenny	23f35694	bash	9af8f89f	fib	200	44
0	0.017194	0.017163	0.000000	1652	ddce9d5262dc4820e4e538b12a61f9d4	lenny	23f35694	dash	9ff48631	fib	200	44
0	0.069075	0.048734	0.020306	99804	ddce9d5262dc4820e4e538b12a61f9d4	lenny	23f35694	/home/andy/git/oilshell/oil/../benchmark-data/src/oil-native-0.12.0/_bin/cxx-opt-sh/osh_eval.stripped	9982fcac	fib	200	44
0	0.006439	0.000000	0.006411	7240	ddce9d5262dc4820e4e538b12a61f9d4	lenny	23f35694	python2	e809d907	fib	200	44
