status	elapsed_secs	user_secs	sys_secs	max_rss_KiB	stdout_md5sum	host_name	host_hash	runtime_name	runtime_hash	task_name	arg1	arg2
0	0.065248	0.065120	0.000000	3288	ddce9d5262dc4820e4e538b12a61f9d4	lenny	b7f988ad	bash	9af8f89f	fib	200	44
0	0.017589	0.014042	0.003510	1684	ddce9d5262dc4820e4e538b12a61f9d4	lenny	b7f988ad	dash	9ff48631	fib	200	44
0	0.181746	0.128216	0.052088	119500	ddce9d5262dc4820e4e538b12a61f9d4	lenny	b7f988ad	/home/andy/git/oilshell/oil/../benchmark-data/src/oil-native-0.12.5/_bin/cxx-opt-sh/osh_eval.stripped	588e003a	fib	200	44
0	0.007666	0.007415	0.000000	7216	ddce9d5262dc4820e4e538b12a61f9d4	lenny	b7f988ad	python2	e809d907	fib	200	44
