status	elapsed_secs	user_secs	sys_secs	max_rss_KiB	stdout_md5sum	host_name	host_hash	runtime_name	runtime_hash	task_name	arg1	arg2
0	0.0862	0.08606899999999999	0.0	6076	ddce9d5262dc4820e4e538b12a61f9d4	lisa	cc016cb1	bash	d685a43c	fib	200	44
0	0.0273	0.027174	0.0	6200	ddce9d5262dc4820e4e538b12a61f9d4	lisa	cc016cb1	dash	2887d9e6	fib	200	44
0	0.0581	0.049557	0.008313	59436	ddce9d5262dc4820e4e538b12a61f9d4	lisa	cc016cb1	/home/andy/git/oilshell/oil/../benchmark-data/src/oil-native-0.8.pre9/_bin/osh_eval.opt.stripped	1f21ee1d	fib	200	44
0	0.0127	0.005226	0.00705	6736	ddce9d5262dc4820e4e538b12a61f9d4	lisa	cc016cb1	python	e4b9f5ce	fib	200	44
