status	elapsed_secs	user_secs	sys_secs	max_rss_KiB	stdout_md5sum	host_name	host_hash	runtime_name	runtime_hash	task_name	arg1	arg2
0	0.0751	0.07498099999999999	0.0	6208	ddce9d5262dc4820e4e538b12a61f9d4	lisa	cc016cb1	bash	d685a43c	fib	200	44
0	0.0260	0.025859999999999998	0.0	6204	ddce9d5262dc4820e4e538b12a61f9d4	lisa	cc016cb1	dash	2887d9e6	fib	200	44
0	0.0651	0.046631	0.018118	59560	ddce9d5262dc4820e4e538b12a61f9d4	lisa	cc016cb1	/home/andy/git/oilshell/oil/../benchmark-data/src/oil-native-0.8.0/_bin/osh_eval.opt.stripped	f3882163	fib	200	44
0	0.0113	0.0039429999999999995	0.007115	6788	ddce9d5262dc4820e4e538b12a61f9d4	lisa	cc016cb1	python	e4b9f5ce	fib	200	44
