status	elapsed_secs	user_secs	sys_secs	max_rss_KiB	stdout_md5sum	host_name	host_hash	runtime_name	runtime_hash	task_name	arg1	arg2
0	0.0834	0.08324999999999999	0.0	6188	ddce9d5262dc4820e4e538b12a61f9d4	lisa	6c96a848	bash	d685a43c	fib	200	44
0	0.0288	0.028433999999999997	0.0	6064	ddce9d5262dc4820e4e538b12a61f9d4	lisa	6c96a848	dash	2887d9e6	fib	200	44
0	0.0622	0.0416	0.020496999999999998	69484	ddce9d5262dc4820e4e538b12a61f9d4	lisa	6c96a848	/home/andy/git/oilshell/oil/../benchmark-data/src/oil-native-0.8.2/_bin/osh_eval.opt.stripped	70218822	fib	200	44
0	0.0147	0.011432	0.003209	6760	ddce9d5262dc4820e4e538b12a61f9d4	lisa	6c96a848	python	e4b9f5ce	fib	200	44
