status	elapsed_secs	user_secs	sys_secs	max_rss_KiB	stdout_md5sum	host_name	host_hash	runtime_name	runtime_hash	task_name	arg1	arg2
0	0.0887	0.083412	0.003971	6124	ddce9d5262dc4820e4e538b12a61f9d4	lisa	cc016cb1	bash	d685a43c	fib	200	44
0	0.0251	0.021508	0.0035299999999999997	6120	ddce9d5262dc4820e4e538b12a61f9d4	lisa	cc016cb1	dash	2887d9e6	fib	200	44
0	0.0677	0.051134	0.016294	59328	ddce9d5262dc4820e4e538b12a61f9d4	lisa	cc016cb1	/home/andy/git/oilshell/oil/../benchmark-data/src/oil-native-0.8.pre9/_bin/osh_eval.opt.stripped	3424c8c1	fib	200	44
0	0.0124	0.012284999999999999	0.0	6728	ddce9d5262dc4820e4e538b12a61f9d4	lisa	cc016cb1	python	e4b9f5ce	fib	200	44
