status	elapsed_secs	user_secs	sys_secs	max_rss_KiB	stdout_md5sum	host_name	host_hash	runtime_name	runtime_hash	task_name	arg1	arg2
0	0.079236	0.079192	0.000000	3152	ddce9d5262dc4820e4e538b12a61f9d4	lisa	c6f24b89	bash	d685a43c	fib	200	44
0	0.021677	0.021647	0.000000	1452	ddce9d5262dc4820e4e538b12a61f9d4	lisa	c6f24b89	dash	2887d9e6	fib	200	44
0	0.093095	0.072811	0.020225	96596	ddce9d5262dc4820e4e538b12a61f9d4	lisa	c6f24b89	/home/andy/git/oilshell/oil/../benchmark-data/src/oil-native-0.8.9/_bin/osh_eval.opt.stripped	3b969dd4	fib	200	44
0	0.007420	0.003698	0.003698	6824	ddce9d5262dc4820e4e538b12a61f9d4	lisa	c6f24b89	python	e4b9f5ce	fib	200	44
