status	elapsed_secs	user_secs	sys_secs	max_rss_KiB	stdout_md5sum	host_name	host_hash	runtime_name	runtime_hash	task_name	arg1	arg2
0	0.075296	0.075223	0.000000	3032	ddce9d5262dc4820e4e538b12a61f9d4	lisa	59823a5d	bash	d685a43c	fib	200	44
0	0.020170	0.020104	0.000000	1528	ddce9d5262dc4820e4e538b12a61f9d4	lisa	59823a5d	dash	2887d9e6	fib	200	44
0	0.100376	0.079487	0.019871	96520	ddce9d5262dc4820e4e538b12a61f9d4	lisa	59823a5d	/home/andy/git/oilshell/oil/../benchmark-data/src/oil-native-0.8.7/_bin/osh_eval.opt.stripped	76be85f8	fib	200	44
0	0.010198	0.010201	0.000000	6760	ddce9d5262dc4820e4e538b12a61f9d4	lisa	59823a5d	python	e4b9f5ce	fib	200	44
