status	elapsed_secs	user_secs	sys_secs	max_rss_KiB	stdout_md5sum	host_name	host_hash	runtime_name	runtime_hash	task_name	arg1	arg2
0	0.0766	0.07638099999999999	0.0	6068	ddce9d5262dc4820e4e538b12a61f9d4	lisa	6c96a848	bash	d685a43c	fib	200	44
0	0.0285	0.028301	0.0	6132	ddce9d5262dc4820e4e538b12a61f9d4	lisa	6c96a848	dash	2887d9e6	fib	200	44
0	0.0619	0.042594	0.01926	69408	ddce9d5262dc4820e4e538b12a61f9d4	lisa	6c96a848	/home/andy/git/oilshell/oil/../benchmark-data/src/oil-native-0.8.1/_bin/osh_eval.opt.stripped	81acfae2	fib	200	44
0	0.0136	0.013332	0.0	6780	ddce9d5262dc4820e4e538b12a61f9d4	lisa	6c96a848	python	e4b9f5ce	fib	200	44
