status	elapsed_secs	user_secs	sys_secs	max_rss_KiB	stdout_md5sum	host_name	host_hash	runtime_name	runtime_hash	task_name	arg1	arg2
0	0.0781	0.07516099999999999	0.002757	6184	ddce9d5262dc4820e4e538b12a61f9d4	lisa	cc016cb1	bash	d685a43c	fib	200	44
0	0.0292	0.029064999999999997	0.0	6204	ddce9d5262dc4820e4e538b12a61f9d4	lisa	cc016cb1	dash	2887d9e6	fib	200	44
0	0.0574	0.048803	0.008473	59248	ddce9d5262dc4820e4e538b12a61f9d4	lisa	cc016cb1	/home/andy/git/oilshell/oil/../benchmark-data/src/oil-native-0.8.pre10/_bin/osh_eval.opt.stripped	51f83a54	fib	200	44
0	0.0125	0.012334999999999999	0.0	6752	ddce9d5262dc4820e4e538b12a61f9d4	lisa	cc016cb1	python	e4b9f5ce	fib	200	44
