status	elapsed_secs	user_secs	sys_secs	max_rss_KiB	stdout_md5sum	host_name	host_hash	runtime_name	runtime_hash	task_name	arg1	arg2
0	0.110545	0.110502	0.000000	3212	ddce9d5262dc4820e4e538b12a61f9d4	spring	d80ab850	bash	9af8f89f	fib	200	44
0	0.037290	0.037288	0.000000	1640	ddce9d5262dc4820e4e538b12a61f9d4	spring	d80ab850	dash	9ff48631	fib	200	44
0	0.170429	0.126803	0.043588	99424	ddce9d5262dc4820e4e538b12a61f9d4	spring	d80ab850	/home/andy/git/oilshell/oil/../benchmark-data/src/oil-native-0.9.4/_bin/osh_eval.opt.stripped	419ba42a	fib	200	44
0	0.015520	0.007760	0.007760	7216	ddce9d5262dc4820e4e538b12a61f9d4	spring	d80ab850	python	e809d907	fib	200	44
