status	elapsed_secs	user_secs	sys_secs	max_rss_KiB	stdout_md5sum	host_name	host_hash	runtime_name	runtime_hash	task_name	arg1	arg2
0	0.107556	0.103540	0.003982	3344	ddce9d5262dc4820e4e538b12a61f9d4	spring	d80ab850	bash	9af8f89f	fib	200	44
0	0.038869	0.034928	0.003880	1696	ddce9d5262dc4820e4e538b12a61f9d4	spring	d80ab850	dash	9ff48631	fib	200	44
0	0.172166	0.144085	0.028016	99432	ddce9d5262dc4820e4e538b12a61f9d4	spring	d80ab850	/home/andy/git/oilshell/oil/../benchmark-data/src/oil-native-0.9.4/_bin/osh_eval.opt.stripped	0ce600e4	fib	200	44
0	0.016643	0.016646	0.000000	7140	ddce9d5262dc4820e4e538b12a61f9d4	spring	d80ab850	python	e809d907	fib	200	44
