status	elapsed_secs	user_secs	sys_secs	max_rss_KiB	stdout_md5sum	host_name	host_hash	runtime_name	runtime_hash	task_name	arg1	arg2
0	0.111850	0.107787	0.003992	3384	ddce9d5262dc4820e4e538b12a61f9d4	spring	d80ab850	bash	9af8f89f	fib	200	44
0	0.040650	0.040616	0.000000	1756	ddce9d5262dc4820e4e538b12a61f9d4	spring	d80ab850	dash	9ff48631	fib	200	44
0	0.146680	0.107005	0.039631	97352	ddce9d5262dc4820e4e538b12a61f9d4	spring	d80ab850	/home/andy/git/oilshell/oil/../benchmark-data/src/oil-native-0.9.1/_bin/osh_eval.opt.stripped	b0ca4fa9	fib	200	44
0	0.017912	0.010727	0.007151	7104	ddce9d5262dc4820e4e538b12a61f9d4	spring	d80ab850	python	e809d907	fib	200	44
