status	elapsed_secs	user_secs	sys_secs	max_rss_KiB	minor_faults	major_faults	swaps	in_block	out_block	signals	voluntary_ctx	involuntary_ctx	task_id	host_name	sh_path	workload
0	0.000934	0.000944	0.000000	3284	162	0	0	0	8	0	1	0	0	hoover	bash	hello-world
0	0.574214	0.432543	0.169071	3296	103418	0	0	0	8	0	1996	65	1	hoover	bash	bin-true
0	11.585875	8.542531	3.032229	32584	1876035	77	0	11600	25288	0	14135	1063	2	hoover	bash	configure.cpython
127	0.000937	0.000836	0.000000	3392	163	0	0	0	0	0	1	0	3	hoover	bash	configure.util-linux
